PRODUCT,CONTENT_BRAND_NAME,GENRE,SHOW_TITLE
Peacock,WYFF,TALK,THE TONIGHT SHOW STARRING JIMMY FALLON
Peacock,WPTZ,MUSIC,THE VOICE
Peacock,KARE,TALK,THE TONIGHT SHOW STARRING JIMMY FALLON
Peacock,KTUU,TALK,THE KELLY CLARKSON SHOW
Peacock,WCNC,TALK,THE TONIGHT SHOW STARRING JIMMY FALLON
Peacock,WTWO,TALK,THE TONIGHT SHOW STARRING JIMMY FALLON
Peacock,WDAM,TALK,THE TONIGHT SHOW STARRING JIMMY FALLON
Peacock,KFDX,NEWS,MEET THE PRESS
NBC App,USA,SPORT,WWE NXT
Peacock,KKCO,COM,NIGHT COURT
Peacock,WJAR,TALK,THE TONIGHT SHOW STARRING JIMMY FALLON
Peacock,WPTZ,TALK,THE KELLY CLARKSON SHOW
Peacock,WOWT,MUSIC,THE VOICE
Peacock,WRAL,MUSIC,THE VOICE
Peacock,KPNX,COM,NIGHT COURT
Peacock,WEYI,REAL,PAWN STARS
Peacock,KFYR,NEWS,MEET THE PRESS
oxygen.com,Oxygen,REAL,BURIED IN THE BACKYARD
oxygen.com,Oxygen,REAL,MURDERED BY MORNING
Peacock,NBC,ACT,COLUMBO
Peacock,MGM,ACT,VIKINGS
Peacock,Bravo,REAL,PROJECT RUNWAY ALL STARS
Peacock,WNWO,MUSIC,THE VOICE
Peacock,WYFF,NEWS,MEET THE PRESS
Peacock,WEEK,NEWS,MEET THE PRESS
Peacock,WNYT,DRAMA,CHICAGO FIRE
nbc.com,Telemundo,DRAMA,LA MUJER EN EL ESPEJO
Peacock,WRDE,COM,NIGHT COURT
Peacock,WEEK,TALK,THE TONIGHT SHOW STARRING JIMMY FALLON
Peacock,KSAN,MUSIC,THE VOICE
Peacock,WLUC,TALK,THE TONIGHT SHOW STARRING JIMMY FALLON
Peacock,KNVN,COM,NIGHT COURT
Peacock,Warner,DRAMA,"MURDER, SHE WROTE"
nbc.com,NBC,TALK,THE TONIGHT SHOW STARRING JIMMY FALLON
Peacock,WSFA,MUSIC,THE VOICE
usanetwork.com,MSNBC,NEWS,ANDREA MITCHELL REPORTS
Peacock,KFYR,MUSIC,THE VOICE
Peacock,KWQC,MUSIC,THE VOICE
Peacock,Peacock,COM,PITCH PERFECT: BUMPER IN BERLIN
Peacock,WCMH,COM,NIGHT COURT
Peacock,WTVJ,COM,NIGHT COURT
Peacock,KULR,COM,MODERN FAMILY
nbc.com,Bravo,REAL,THE REAL HOUSEWIVES OF NEW YORK CITY
E! App,Bravo,REAL,SOUTHERN CHARM
Peacock,KMIR,NEWS,MEET THE PRESS
Peacock,KSNT,NEWS,MEET THE PRESS
Peacock,WVLA,NEWS,MEET THE PRESS
nbc.com,Bravo,REAL,THE REAL HOUSEWIVES OF NEW JERSEY
Peacock,USA,REAL,THE BIG D
Peacock,Peacock,REAL,BAKING IT
Peacock,KWWL,TALK,THE TONIGHT SHOW STARRING JIMMY FALLON
Peacock,WSTM,REAL,THE FIRST 48
Bravo App,NBC,COM,SATURDAY NIGHT LIVE
bravotv.com,Bravo,REAL,THE REAL HOUSEWIVES OF DUBAI
Syfy App,Telemundo,REAL,LA CASA DE LOS FAMOSOS
Peacock,KMTR,COM,NIGHT COURT
Oxygen App,NBC,MUSIC,THE VOICE
Peacock,WAGT,NEWS,MEET THE PRESS
Peacock,WSAV,COM,SATURDAY NIGHT LIVE
Peacock,KSAN,NEWS,MEET THE PRESS
usanetwork.com,NBC,DRAMA,QUANTUM LEAP
Peacock,Bravo,REAL,THE REAL HOUSEWIVES OF BEVERLY HILLS
Peacock,KSL,MUSIC,THE VOICE
Peacock,WMBF,MUSIC,THE VOICE
Peacock,WSLS,TALK,THE KELLY CLARKSON SHOW
Peacock,WCSH,TALK,THE KELLY CLARKSON SHOW
Peacock,WPBN,MUSIC,THE VOICE
Peacock,WLTZ,COM,NIGHT COURT
Peacock,WBOY,TALK,THE TONIGHT SHOW STARRING JIMMY FALLON
Peacock,Peacock,SPORT,WWE NXT
Oxygen App,MSNBC,NEWS,ANDREA MITCHELL REPORTS
nbc.com,Bravo,REAL,BELOW DECK DOWN UNDER
Peacock,WSMV,TALK,THE TONIGHT SHOW STARRING JIMMY FALLON
Peacock,KNBC,TALK,THE TONIGHT SHOW STARRING JIMMY FALLON
Peacock,KWQC,NEWS,MEET THE PRESS
USA App,Oxygen,REAL,SNAPPED
USA App,MSNBC,NEWS,ANDREA MITCHELL REPORTS
nbc.com,Oxygen,REAL,SNAPPED
Peacock,WAND,TALK,THE KELLY CLARKSON SHOW
E! App,NBC,DRAMA,QUANTUM LEAP
Peacock,KMIR,MUSIC,THE VOICE
NBC App,Bravo,REAL,BELOW DECK SAILING YACHT
Syfy App,NBC,DRAMA,CHICAGO MED
Peacock,Sony,COM,GOOD TIMES
bravotv.com,Bravo,REAL,SUMMER HOUSE
Peacock,TODAY All Day,NEWS,TODAY FOOD
Peacock,WFIE,COM,NIGHT COURT
Peacock,KHQ,MUSIC,THE VOICE
Peacock,WBBH,MUSIC,THE VOICE
Peacock,WVIT,TALK,THE KELLY CLARKSON SHOW
Peacock,WCSH,COM,NIGHT COURT
Peacock,KOAA,NEWS,MEET THE PRESS
NBC App,Telemundo,DRAMA,HASTA QUE LA PLATA NOS SEPARE
Peacock,KOAA,TALK,THE TONIGHT SHOW STARRING JIMMY FALLON
Peacock,KYMA,COM,NIGHT COURT
Peacock,WRAL,NEWS,MEET THE PRESS
Peacock,WNYT,NEWS,MEET THE PRESS
Peacock,WSTM,NEWS,MEET THE PRESS
Peacock,WLTZ,TALK,THE TONIGHT SHOW STARRING JIMMY FALLON
USA App,Bravo,REAL,BELOW DECK MEDITERRANEAN
Peacock,Syfy,SCIFI,RESIDENT ALIEN
Peacock,Peacock,DRAMA,VAMPIRE ACADEMY
nbc.com,MSNBC,NEWS,MORNING JOE
Peacock,NBC,COM,NIGHT COURT
Peacock,WLTZ,MUSIC,THE VOICE
Peacock,KTTC,MUSIC,THE VOICE
Peacock,WEAU,COM,NIGHT COURT
Bravo App,NBC,DRAMA,CHICAGO MED
Peacock,WPXI,REAL,PAWN STARS
Peacock,KJJC,DRAMA,CHICAGO FIRE
nbc.com,Bravo,REAL,SOUTHERN HOSPITALITY
Bravo App,NBC,DRAMA,LA BREA
Peacock,KGNS,COM,NIGHT COURT
Peacock,KTVB,COM,NIGHT COURT
E! App,NBC,MUSIC,THE VOICE
Oxygen App,MSNBC,NEWS,THE REIDOUT
Peacock,KGW,TALK,THE TONIGHT SHOW STARRING JIMMY FALLON
Peacock,WETM,TALK,THE TONIGHT SHOW STARRING JIMMY FALLON
Peacock,KEYC,CRIME,FORENSIC FILES
Peacock,KKCO,TALK,THE TONIGHT SHOW STARRING JIMMY FALLON
Peacock,WAVE,TALK,THE TONIGHT SHOW STARRING JIMMY FALLON
Peacock,Law & Crime Network,REAL,JAIL
Peacock,KSNF,TALK,THE TONIGHT SHOW STARRING JIMMY FALLON
Oxygen App,Oxygen,REAL,MURDERED BY MORNING
Peacock,WNBC,NEWS,MEET THE PRESS
Peacock,WSVW,NEWS,MEET THE PRESS
Bravo App,NBC,TALK,THE TONIGHT SHOW STARRING JIMMY FALLON
Peacock,KIEM,COM,NIGHT COURT
Peacock,Peacock,COM,THAT '70S SHOW
Peacock,Bravo,REAL,SUMMER HOUSE
Peacock,Oxygen,REAL,SNAPPED
Peacock,WWE NETWORK,SPORT,WCW MONDAY NITRO
Peacock,KSHB,TALK,THE TONIGHT SHOW STARRING JIMMY FALLON
Peacock,KCRA,TALK,THE KELLY CLARKSON SHOW
Peacock,WPTA,TALK,THE TONIGHT SHOW STARRING JIMMY FALLON
Peacock,WBTS,COM,NIGHT COURT
Peacock,WREX,COM,NIGHT COURT
Peacock,KRIS,TALK,THE KELLY CLARKSON SHOW
Peacock,WITN,NEWS,MEET THE PRESS
Oxygen App,Syfy,DRAMA,CHUCKY
Peacock,WBAL,TALK,THE TONIGHT SHOW STARRING JIMMY FALLON
Peacock,KVEO,NEWS,MEET THE PRESS
Peacock,KRIS,NEWS,MEET THE PRESS
Peacock,WGBA,DRAMA,CHICAGO FIRE
Peacock,KYOU,TALK,THE TONIGHT SHOW STARRING JIMMY FALLON
USA App,NBC,REAL,AMERICAN NINJA WARRIOR
usanetwork.com,Syfy,SCIFI,RESIDENT ALIEN
Peacock,WGAL,MUSIC,THE VOICE
nbc.com,Telemundo,DRAMA,CASO CERRADO
Peacock,KSBW,NEWS,MEET THE PRESS
Oxygen App,Telemundo,DRAMA,LA MUJER EN EL ESPEJO
Peacock,Peacock,ACT,TWISTED METAL
Peacock,Peacock,REAL,BELOW DECK DOWN UNDER
NBC App,NBC,TALK,THE TONIGHT SHOW STARRING JIMMY FALLON
Bravo App,Bravo,REAL,SOUTHERN HOSPITALITY
Peacock,KPRC,MUSIC,THE VOICE
Peacock,WCAU,MUSIC,THE VOICE
Peacock,KPRC,TALK,THE TONIGHT SHOW STARRING JIMMY FALLON
Peacock,WLBZ,MUSIC,THE VOICE
Peacock,KARK,TALK,THE TONIGHT SHOW STARRING JIMMY FALLON
Peacock,KWES,TALK,THE KELLY CLARKSON SHOW
Peacock,WDTN,NEWS,MEET THE PRESS
Peacock,KALB,TALK,THE TONIGHT SHOW STARRING JIMMY FALLON
Peacock,WICU,TALK,THE TONIGHT SHOW STARRING JIMMY FALLON
Peacock,WPBI,TALK,THE TONIGHT SHOW STARRING JIMMY FALLON
oxygen.com,Oxygen,REAL,HOMICIDE FOR THE HOLIDAYS
Peacock,KPVI,NEWS,MEET THE PRESS
Peacock,NBC,DRAMA,DAYS OF OUR LIVES
Peacock,Warner,COM,THE MIDDLE
Peacock,USA,COM,MONK
nbc.com,NBC,DRAMA,CHICAGO FIRE
Peacock,Hallmark,COM,FRASIER
Peacock,KSDK,MUSIC,THE VOICE
Peacock,KDLT,MUSIC,THE VOICE
Peacock,WVLA,MUSIC,THE VOICE
Peacock,KOAA,MUSIC,THE VOICE
Peacock,WLBT,COM,NIGHT COURT
Peacock,WPBI,TALK,THE KELLY CLARKSON SHOW
Peacock,WITN,TALK,THE TONIGHT SHOW STARRING JIMMY FALLON
Peacock,KGWN,COM,NIGHT COURT
Peacock,KBMT,NEWS,MEET THE PRESS
Peacock,KGWN,TALK,THE TONIGHT SHOW STARRING JIMMY FALLON
Bravo App,Telemundo,DRAMA,LA HIJA DEL MARIACHI
Bravo App,Universo,DRAMA,CASO CERRADO
Peacock,REELZ,REAL,JAIL
bravotv.com,Bravo,REAL,SOUTHERN CHARM
NBC App,NBC,DRAMA,QUANTUM LEAP
Peacock,KWES,MUSIC,THE VOICE
Peacock,KNSD,MUSIC,THE VOICE
Peacock,WIS,NEWS,MEET THE PRESS
E! App,E!,COM,MODERN FAMILY
Peacock,WBIR,TALK,THE TONIGHT SHOW STARRING JIMMY FALLON
Peacock,Warner,COM,THAT '70S SHOW
NBC App,NBC,DRAMA,CHICAGO FIRE
E! App,NBC,DRAMA,CHICAGO FIRE
Peacock,WAVY,MUSIC,THE VOICE
Peacock,WXIA,NEWS,MEET THE PRESS
Peacock,KTVM,MUSIC,THE VOICE
Peacock,WNBD,MUSIC,THE VOICE
Syfy App,Bravo,REAL,TOP CHEF
Peacock,WXII,MUSIC,THE VOICE
Peacock,WSTM,MUSIC,THE VOICE
Peacock,WPMI,MUSIC,THE VOICE
Peacock,WESH,TALK,THE TONIGHT SHOW STARRING JIMMY FALLON
Peacock,KLAF,TALK,THE TONIGHT SHOW STARRING JIMMY FALLON
Peacock,WCYB,TALK,THE KELLY CLARKSON SHOW
Peacock,WXXV,COM,NIGHT COURT
usanetwork.com,E!,COM,MODERN FAMILY
usanetwork.com,Bravo,REAL,SUMMER HOUSE
Bravo App,Bravo,REAL,DANCING QUEENS
Peacock,WTMJ,MUSIC,THE VOICE
bravotv.com,Bravo,REAL,BELOW DECK SAILING YACHT
Peacock,WTVJ,MUSIC,THE VOICE
Peacock,KPLC,COM,NIGHT COURT
Peacock,WJFW,COM,NIGHT COURT
Peacock,KVEO,MUSIC,THE VOICE
Peacock,KING,NEWS,MEET THE PRESS
Peacock,WMBF,TALK,THE TONIGHT SHOW STARRING JIMMY FALLON
Peacock,WAVE,NEWS,MEET THE PRESS
Peacock,WSAV,TALK,THE TONIGHT SHOW STARRING JIMMY FALLON
Peacock,WGBC,COM,THE KING OF QUEENS
USA App,Bravo,REAL,THE REAL HOUSEWIVES OF ATLANTA
Peacock,KCWY,NEWS,MEET THE PRESS
Peacock,Peacock,REAL,LOVE ISLAND
Peacock,WWE NETWORK,SPORT,SUMMERSLAM
Peacock,WREX,MUSIC,THE VOICE
Peacock,KOBI,MUSIC,THE VOICE
Peacock,WJAR,MUSIC,THE VOICE
USA App,NBC,DRAMA,CHICAGO FIRE
E! App,NBC,DRAMA,CHICAGO MED
Peacock,WGEM,TALK,THE TONIGHT SHOW STARRING JIMMY FALLON
Peacock,KXAN,TALK,THE TONIGHT SHOW STARRING JIMMY FALLON
Peacock,KECI,MUSIC,THE VOICE
Peacock,KGW,NEWS,MEET THE PRESS
Peacock,KUAM,TALK,THE TONIGHT SHOW STARRING JIMMY FALLON
Peacock,USA,DRAMA,COVERT AFFAIRS
Peacock,Peacock,DRAMA,THE BEST MAN: THE FINAL CHAPTERS
Peacock,Telemundo,UNK,TIERRA DE REYES
NBC App,Bravo,REAL,THE REAL HOUSEWIVES OF POTOMAC
NBC Sports App TVE,NBC,MUSIC,THE VOICE
Peacock,WBIR,MUSIC,THE VOICE
Oxygen App,Oxygen,REAL,AN UNEXPECTED KILLER
Peacock,WWBT,NEWS,MEET THE PRESS
Peacock,KOB,NEWS,MEET THE PRESS
NBC App,Bravo,REAL,SOUTHERN CHARM
Peacock,WVVA,TALK,THE TONIGHT SHOW STARRING JIMMY FALLON
NBC App,USA,REAL,CHRISLEY KNOWS BEST
Peacock,WRDE,TALK,THE TONIGHT SHOW STARRING JIMMY FALLON
Syfy App,NBC,DRAMA,QUANTUM LEAP
bravotv.com,Bravo,REAL,DANCING QUEENS
Peacock,WKTV,TALK,THE TONIGHT SHOW STARRING JIMMY FALLON
Syfy App,NBC,COM,LOPEZ VS LOPEZ
Oxygen App,E!,REAL,BOTCHED
Peacock,WPXI,COM,NIGHT COURT
Peacock,KFYR,COM,NIGHT COURT
Peacock,KLAF,MUSIC,THE VOICE
Peacock,KNBN,MUSIC,THE VOICE
Peacock,KEYC,COM,NIGHT COURT
Peacock,WJHG,TALK,THE TONIGHT SHOW STARRING JIMMY FALLON
nbc.com,E!,REAL,BOTCHED
Peacock,KMTR,TALK,THE TONIGHT SHOW STARRING JIMMY FALLON
USA App,Bravo,REAL,SUMMER HOUSE
Peacock,WCBD,NEWS,MEET THE PRESS
Peacock,WRDE,NEWS,MEET THE PRESS
E! App,NBC,COM,NIGHT COURT
Peacock,KTVF,TALK,THE KELLY CLARKSON SHOW
Peacock,NBC,COM,YOUNG ROCK
Peacock,KNSD,TALK,THE KELLY CLARKSON SHOW
Peacock,WBIR,NEWS,MEET THE PRESS
Peacock,WPSD,TALK,THE KELLY CLARKSON SHOW
Peacock,KWQC,TALK,THE TONIGHT SHOW STARRING JIMMY FALLON
Peacock,KPVI,COM,NIGHT COURT
Peacock,WESH,NEWS,MEET THE PRESS
Peacock,KTVB,TALK,THE TONIGHT SHOW STARRING JIMMY FALLON
Peacock,KYOU,COM,NIGHT COURT
Syfy App,Bravo,REAL,BELOW DECK
Peacock,WJAR,NEWS,MEET THE PRESS
Oxygen App,Telemundo,UNK,TIERRA DE REYES
Peacock,WTAP,TALK,THE TONIGHT SHOW STARRING JIMMY FALLON
USA App,Telemundo,DRAMA,HASTA QUE LA PLATA NOS SEPARE
Peacock,Peacock,SPORT,WRESTLEMANIA
Peacock,Peacock,REAL,THE RESORT
Bravo App,Bravo,REAL,THE REAL HOUSEWIVES OF POTOMAC
Peacock,Law & Crime Network,CRIME,PRIME CRIME
Peacock,KETK,MUSIC,THE VOICE
Bravo App,Bravo,REAL,THE REAL HOUSEWIVES OF NEW JERSEY
NBC App,E!,REAL,BELOW DECK
Peacock,KGET,TALK,THE TONIGHT SHOW STARRING JIMMY FALLON
Peacock,WNWO,TALK,THE TONIGHT SHOW STARRING JIMMY FALLON
Syfy App,USA,SPORT,WWE NXT
NBC Sports App TVE,Oxygen,REAL,SNAPPED
Peacock,KULR,MUSIC,THE VOICE
Peacock,KOB,COM,NIGHT COURT
Peacock,WDTN,COM,NIGHT COURT
Peacock,WSAZ,TALK,THE TONIGHT SHOW STARRING JIMMY FALLON
Peacock,KJRH,TALK,THE TONIGHT SHOW STARRING JIMMY FALLON
Peacock,WECT,TALK,THE TONIGHT SHOW STARRING JIMMY FALLON
Peacock,Screen Media Ventures,FAM,RIDE
Peacock,KALB,DRAMA,LAW & ORDER: SPECIAL VICTIMS UNIT
Peacock,WNDU,COM,NIGHT COURT
E! App,Bravo,REAL,THE REAL HOUSEWIVES OF BEVERLY HILLS
Peacock,WHIZ,MUSIC,THE VOICE
Peacock,KKCO,DRAMA,LAW & ORDER: SPECIAL VICTIMS UNIT
usanetwork.com,E!,REAL,BOTCHED
Bravo App,E!,REAL,VANDERPUMP RULES
Peacock,KNBC,MUSIC,THE VOICE
Peacock,WBTS,TALK,THE TONIGHT SHOW STARRING JIMMY FALLON
Peacock,KCBD,COM,NIGHT COURT
Peacock,WSLS,TALK,THE TONIGHT SHOW STARRING JIMMY FALLON
Bravo App,Bravo,REAL,TOP CHEF MASTERS
Peacock,KGNS,TALK,THE TONIGHT SHOW STARRING JIMMY FALLON
Peacock,KGWN,MUSIC,THE VOICE
Peacock,KSEE,COM,NIGHT COURT
Peacock,WAFF,TALK,THE KELLY CLARKSON SHOW
Bravo App,NBC,DRAMA,CHICAGO FIRE
Peacock,WNBD,COM,NIGHT COURT
Peacock,CBS,DRAMA,CHARMED
Peacock,Bravo,REAL,THE REAL HOUSEWIVES OF DUBAI
oxygen.com,Oxygen,REAL,SNAPPED
Peacock,KXAS,TALK,THE TONIGHT SHOW STARRING JIMMY FALLON
Peacock,WAVY,TALK,THE TONIGHT SHOW STARRING JIMMY FALLON
Peacock,WAVY,COM,NIGHT COURT
Peacock,KHQ,NEWS,MEET THE PRESS
Peacock,WCNC,COM,NIGHT COURT
Peacock,WGRZ,MUSIC,THE VOICE
Peacock,KFDX,MUSIC,THE VOICE
Peacock,KFYR,TALK,THE TONIGHT SHOW STARRING JIMMY FALLON
Peacock,KSBW,TALK,THE TONIGHT SHOW STARRING JIMMY FALLON
nbc.com,NBC,DRAMA,LA BREA
Peacock,KNVN,TALK,THE TONIGHT SHOW STARRING JIMMY FALLON
Peacock,WDSU,COM,NIGHT COURT
Peacock,WNYT,MUSIC,THE VOICE
Peacock,KTAL,TALK,THE TONIGHT SHOW STARRING JIMMY FALLON
Peacock,KOMU,MUSIC,THE VOICE
NBC App,Telemundo,DRAMA,LA HIJA DEL MARIACHI
Peacock,WVIT,TALK,THE TONIGHT SHOW STARRING JIMMY FALLON
Peacock,WYFF,COM,NIGHT COURT
E! App,E!,REAL,BOTCHED
Peacock,KMIR,COM,NIGHT COURT
Peacock,WCBD,TALK,THE TONIGHT SHOW STARRING JIMMY FALLON
NBC App,MSNBC,NEWS,ALEX WAGNER TONIGHT
Peacock,KMTR,NEWS,MEET THE PRESS
usanetwork.com,NBC,TALK,THE TONIGHT SHOW STARRING JIMMY FALLON
Syfy App,Oxygen,REAL,SNAPPED
Peacock,WAVE,COM,SATURDAY NIGHT LIVE
nbc.com,NBC,REAL,AMERICA'S GOT TALENT
Peacock,WMC,MUSIC,THE VOICE
Peacock,WKYC,TALK,THE KELLY CLARKSON SHOW
Peacock,KRIS,MUSIC,THE VOICE
Peacock,WDIV,COM,NIGHT COURT
Peacock,KCRA,TALK,THE TONIGHT SHOW STARRING JIMMY FALLON
Peacock,WNBW,DRAMA,LAW & ORDER: CRIMINAL INTENT
NBC App,Telemundo,UNK,TIERRA DE REYES
Peacock,WPBN,TALK,THE TONIGHT SHOW STARRING JIMMY FALLON
Peacock,KNOP,TALK,THE TONIGHT SHOW STARRING JIMMY FALLON
USA App,USA,DRAMA,CHICAGO FIRE
Peacock,KFDX,TALK,THE TONIGHT SHOW STARRING JIMMY FALLON
E! App,Telemundo,DRAMA,LA HIJA DEL MARIACHI
Peacock,WVIR,TALK,THE TONIGHT SHOW STARRING JIMMY FALLON
Peacock,WGAL,TALK,THE KELLY CLARKSON SHOW
Peacock,KOB,TALK,THE KELLY CLARKSON SHOW
Peacock,WETM,COM,NIGHT COURT
Peacock,KPLC,TALK,THE TONIGHT SHOW STARRING JIMMY FALLON
Peacock,WAND,NEWS,MEET THE PRESS
Peacock,KCWY,MUSIC,THE VOICE
Peacock,WNKY,COM,NIGHT COURT
Peacock,KVLY,COM,SATURDAY NIGHT LIVE
Bravo App,NBC,TALK,THE KELLY CLARKSON SHOW
Syfy App,MSNBC,NEWS,ANDREA MITCHELL REPORTS
Peacock,KOB,DRAMA,CHICAGO FIRE
Syfy App,Telemundo,DRAMA,AMOR VALIENTE
Bravo App,Oxygen,REAL,BURIED IN THE BACKYARD
Peacock,Warner,COM,TWO AND A HALF MEN
Peacock,KSNV,MUSIC,THE VOICE
Peacock,WVTM,TALK,THE KELLY CLARKSON SHOW
Peacock,WAGT,TALK,THE TONIGHT SHOW STARRING JIMMY FALLON
Peacock,WPTZ,TALK,THE TONIGHT SHOW STARRING JIMMY FALLON
Peacock,KLAF,COM,NIGHT COURT
Peacock,KSNB,NEWS,MEET THE PRESS
nbc.com,NBC,DRAMA,DAYS OF OUR LIVES
Peacock,KTVM,TALK,THE TONIGHT SHOW STARRING JIMMY FALLON
usanetwork.com,MSNBC,NEWS,ALEX WAGNER TONIGHT
Oxygen App,Bravo,REAL,BELOW DECK MEDITERRANEAN
Peacock,WBAL,TALK,THE KELLY CLARKSON SHOW
NBC App,E!,COM,MODERN FAMILY
Peacock,WMC,TALK,THE TONIGHT SHOW STARRING JIMMY FALLON
Peacock,WDSU,TALK,THE TONIGHT SHOW STARRING JIMMY FALLON
Peacock,KNDO,TALK,THE TONIGHT SHOW STARRING JIMMY FALLON
Peacock,WLBZ,TALK,THE TONIGHT SHOW STARRING JIMMY FALLON
E! App,Oxygen,REAL,HOMICIDE FOR THE HOLIDAYS
Bravo App,Bravo,REAL,FAMILY KARMA
Peacock,WPBI,COM,NIGHT COURT
Bravo App,E!,REAL,BELOW DECK
Peacock,WTLV,COM,SATURDAY NIGHT LIVE
Peacock,Bravo,REAL,BELOW DECK
Peacock,Bravo,REAL,BELOW DECK SAILING YACHT
Peacock,Bravo,REAL,BELOW DECK DOWN UNDER
Bravo App,Bravo,REAL,THE REAL HOUSEWIVES OF ORANGE COUNTY
Peacock,WNYT,COM,NIGHT COURT
Peacock,WRGX,TALK,THE TONIGHT SHOW STARRING JIMMY FALLON
Peacock,KBJR,NEWS,MEET THE PRESS
Bravo App,MSNBC,NEWS,THE REIDOUT
Oxygen App,USA,DRAMA,LAW & ORDER: SPECIAL VICTIMS UNIT
Syfy App,NBC,DRAMA,LA BREA
Peacock,KNBC,COM,SATURDAY NIGHT LIVE
Peacock,WWBT,MUSIC,THE VOICE
Peacock,KALB,MUSIC,THE VOICE
Peacock,KPVI,MUSIC,THE VOICE
Peacock,WHEC,TALK,THE KELLY CLARKSON SHOW
Bravo App,Bravo,REAL,THE REAL HOUSEWIVES OF NEW YORK CITY
Peacock,WPBN,COM,NIGHT COURT
E! App,E!,REAL,VANDERPUMP RULES
Peacock,WTMJ,TALK,THE KELLY CLARKSON SHOW
Peacock,KOAA,TALK,THE KELLY CLARKSON SHOW
Peacock,WJAC,TALK,THE TONIGHT SHOW STARRING JIMMY FALLON
Peacock,WVNC,MUSIC,THE VOICE
Peacock,KJJC,MUSIC,THE VOICE
Peacock,WGEM,NEWS,MEET THE PRESS
Oxygen App,Bravo,REAL,BELOW DECK SAILING YACHT
E! App,E!,COM,SAVED BY THE BELL
Peacock,WALB,MUSIC,THE VOICE
Peacock,KETK,COM,NIGHT COURT
Peacock,WOAI,TALK,THE TONIGHT SHOW STARRING JIMMY FALLON
NBC Sports App TVE,USA,DRAMA,LAW & ORDER: SPECIAL VICTIMS UNIT
E! App,NBC,TALK,THE KELLY CLARKSON SHOW
Peacock,Oxygen,DOC,FLORIBAMA MURDERS
Peacock,Peacock,DRAMA,BEL-AIR
NBC App,NBC,DRAMA,CHICAGO MED
bravotv.com,Bravo,REAL,THE REAL HOUSEWIVES OF ATLANTA
Peacock,WBAL,NEWS,MEET THE PRESS
Peacock,WBIR,TALK,THE KELLY CLARKSON SHOW
Peacock,NBC,DRAMA,CHUCKY
Peacock,WEAU,NEWS,MEET THE PRESS
Peacock,WXXV,DRAMA,CHICAGO FIRE
Peacock,WVVA,MUSIC,THE VOICE
Peacock,WRC,NEWS,MEET THE PRESS
Peacock,KNTV,COM,NIGHT COURT
Peacock,WXII,NEWS,MEET THE PRESS
NBC App,Telemundo,DRAMA,EL CLON
Peacock,WFLA,NEWS,MEET THE PRESS
Peacock,WSLS,COM,NIGHT COURT
Peacock,WNBJ,MUSIC,THE VOICE
Peacock,KSAN,COM,NIGHT COURT
Peacock,KGET,COM,NIGHT COURT
Peacock,KVOA,NEWS,MEET THE PRESS
Peacock,WWPI,COM,NIGHT COURT
E! App,NBC,REAL,AMERICAN NINJA WARRIOR
Peacock,KNDO,COM,NIGHT COURT
bravotv.com,Bravo,REAL,VANDERPUMP RULES
Peacock,Peacock,DRAMA,ONE OF US IS LYING
Peacock,WDSU,TALK,THE KELLY CLARKSON SHOW
Peacock,WWBT,COM,NIGHT COURT
Peacock,WGRZ,TALK,THE TONIGHT SHOW STARRING JIMMY FALLON
Peacock,WVIT,NEWS,MEET THE PRESS
Syfy App,Syfy,SCIFI,RESIDENT ALIEN
Bravo App,Bravo,REAL,BELOW DECK DOWN UNDER
Peacock,KNSD,COM,NIGHT COURT
Peacock,WIS,TALK,THE TONIGHT SHOW STARRING JIMMY FALLON
Bravo App,Bravo,REAL,THE REAL HOUSEWIVES OF DUBAI
Peacock,KSNT,COM,NIGHT COURT
Peacock,WDAM,TALK,THE KELLY CLARKSON SHOW
Peacock,WTLV,NEWS,MEET THE PRESS
NBC App,E!,REAL,BOTCHED
USA App,Bravo,REAL,TOP CHEF
Peacock,KRNV,NEWS,MEET THE PRESS
usanetwork.com,NBC,COM,SATURDAY NIGHT LIVE
nbc.com,E!,REAL,KEEPING UP WITH THE KARDASHIANS
Peacock,Bravo,REAL,THE REAL HOUSEWIVES OF ORANGE COUNTY
Peacock,WMAQ,TALK,THE KELLY CLARKSON SHOW
Peacock,KNWA,MUSIC,THE VOICE
Peacock,WCAU,TALK,THE KELLY CLARKSON SHOW
Peacock,WXIA,COM,NIGHT COURT
Peacock,WMGT,MUSIC,THE VOICE
Peacock,KCEN,MUSIC,THE VOICE
Bravo App,NBC,DRAMA,QUANTUM LEAP
nbc.com,Telemundo,DRAMA,EL CLON
Peacock,Sony,ACT,"WALKER, TEXAS RANGER"
Peacock,WBAL,COM,NIGHT COURT
Peacock,WDTN,MUSIC,THE VOICE
Peacock,WVIT,COM,NIGHT COURT
Peacock,KSNT,MUSIC,THE VOICE
Peacock,KSBY,TALK,THE TONIGHT SHOW STARRING JIMMY FALLON
NBC Sports App TVE,NBC,DRAMA,CHICAGO FIRE
Bravo App,Bravo,REAL,LOVE WITHOUT BORDERS
Peacock,KLAF,NEWS,MEET THE PRESS
Peacock,KRBC,COM,NIGHT COURT
Peacock,WPTV,NEWS,MEET THE PRESS
Peacock,KGW,COM,SATURDAY NIGHT LIVE
Peacock,NBC,MUSIC,THE VOICE
Peacock,Bravo,REAL,BELOW DECK MEDITERRANEAN
Peacock,NBC,COM,THE OFFICE
Peacock,Bravo,REAL,THE REAL HOUSEWIVES OF ATLANTA
Peacock,USA,REAL,CHRISLEY KNOWS BEST
Peacock,WALB,COM,NIGHT COURT
nbc.com,Bravo,REAL,VANDERPUMP RULES
Peacock,WOAI,COM,MODERN FAMILY
Peacock,WTAP,COM,NIGHT COURT
Peacock,KYMA,TALK,THE TONIGHT SHOW STARRING JIMMY FALLON
Peacock,KJJC,TALK,THE TONIGHT SHOW STARRING JIMMY FALLON
Peacock,WESH,COM,SATURDAY NIGHT LIVE
Peacock,NBC,COM,BROOKLYN NINE-NINE
Peacock,Telemundo,DRAMA,HERCAI: AMOR Y VENGANZA
Peacock,WLEX,MUSIC,THE VOICE
Peacock,WRGX,MUSIC,THE VOICE
Peacock,KARK,COM,NIGHT COURT
Bravo App,NBC,MUSIC,THE VOICE
Peacock,KAGS,MUSIC,THE VOICE
Peacock,WGAL,DRAMA,CHICAGO FIRE
Peacock,KBMT,TALK,THE KELLY CLARKSON SHOW
NBC App,Bravo,REAL,BELOW DECK ADVENTURE
Bravo App,Syfy,SCIFI,RESIDENT ALIEN
usanetwork.com,Bravo,REAL,SOUTHERN CHARM
E! App,Bravo,REAL,TOP CHEF
Peacock,KEYC,TALK,THE KELLY CLARKSON SHOW
Peacock,NBC,COM,30 ROCK
Peacock,KARE,MUSIC,THE VOICE
Peacock,KNTV,TALK,THE KELLY CLARKSON SHOW
nbc.com,Bravo,REAL,BELOW DECK
Peacock,WJAC,MUSIC,THE VOICE
NBC Sports App TVE,Bravo,REAL,BELOW DECK
Bravo App,NBC,REAL,AMERICAN NINJA WARRIOR
NBC Sports App TVE,Bravo,REAL,THE REAL HOUSEWIVES OF MIAMI
Peacock,CBS,DRAMA,"MURDER, SHE WROTE"
Peacock,WCAU,COM,NIGHT COURT
Peacock,KING,COM,NIGHT COURT
Peacock,WSTM,COM,NIGHT COURT
Peacock,KTVE,MUSIC,THE VOICE
Peacock,WVIR,COM,NIGHT COURT
Bravo App,NBC,REAL,AMERICA'S GOT TALENT
Peacock,WTOV,NEWS,MEET THE PRESS
Peacock,WSVW,TALK,THE TONIGHT SHOW STARRING JIMMY FALLON
Oxygen App,Oxygen,REAL,SNAPPED
Peacock,WHO,TALK,THE TONIGHT SHOW STARRING JIMMY FALLON
Peacock,WRC,TALK,THE KELLY CLARKSON SHOW
Peacock,WIS,COM,NIGHT COURT
Peacock,WLUC,CRIME,FORENSIC FILES
NBC App,NBC,REAL,AMERICAN NINJA WARRIOR
Peacock,WHO,NEWS,MEET THE PRESS
NBC App,Oxygen,DOC,FLORIBAMA MURDERS
Peacock,WVVA,NEWS,MEET THE PRESS
nbc.com,Telemundo,DRAMA,AMOR VALIENTE
Peacock,WNWO,NEWS,MEET THE PRESS
NBC App,MSNBC,NEWS,MEET THE PRESS
Peacock,Telemundo,DRAMA,EL SEÑOR DE LOS CIELOS
Peacock,WCMH,TALK,THE TONIGHT SHOW STARRING JIMMY FALLON
Peacock,Hallmark,COM,MONK
Peacock,WNKY,MUSIC,THE VOICE
Peacock,WDSU,DRAMA,CHICAGO FIRE
Peacock,WPTV,TALK,THE KELLY CLARKSON SHOW
Peacock,WBRE,TALK,THE TONIGHT SHOW STARRING JIMMY FALLON
Peacock,WILX,COM,NIGHT COURT
Peacock,KING,TALK,THE TONIGHT SHOW STARRING JIMMY FALLON
Peacock,WRCB,NEWS,MEET THE PRESS
Peacock,KRNV,COM,THAT '70S SHOW
Peacock,CBS,COM,EVERYBODY HATES CHRIS
NBC App,MSNBC,NEWS,MORNING JOE
Peacock,WJFW,TALK,THE TONIGHT SHOW STARRING JIMMY FALLON
Peacock,KULR,COM,NIGHT COURT
Peacock,WVTM,TALK,THE TONIGHT SHOW STARRING JIMMY FALLON
Peacock,WEYI,COM,NIGHT COURT
nbc.com,NBC,DRAMA,QUANTUM LEAP
Peacock,WBTS,NEWS,MEET THE PRESS
Peacock,KNOP,COM,NIGHT COURT
Peacock,WBBH,DRAMA,CHICAGO FIRE
Peacock,WRC,MUSIC,THE VOICE
Peacock,WCYB,NEWS,MEET THE PRESS
Peacock,WCYB,TALK,THE TONIGHT SHOW STARRING JIMMY FALLON
Peacock,KSNT,TALK,THE KELLY CLARKSON SHOW
Peacock,Hallmark,ACT,COLUMBO
Peacock,Peacock,REAL,THE TRAITORS
Peacock,Bravo,REAL,FAMILY KARMA
Peacock,Hallmark,COM,CHEERS
Peacock,KSDK,COM,NIGHT COURT
Peacock,WTHR,TALK,THE KELLY CLARKSON SHOW
Peacock,KSDK,TALK,THE TONIGHT SHOW STARRING JIMMY FALLON
Peacock,KOB,MUSIC,THE VOICE
Peacock,KARE,COM,NIGHT COURT
Peacock,WAFF,TALK,THE TONIGHT SHOW STARRING JIMMY FALLON
NBC App,NBC,COM,SATURDAY NIGHT LIVE
USA App,Bravo,REAL,VANDERPUMP RULES
Peacock,WOWT,TALK,THE TONIGHT SHOW STARRING JIMMY FALLON
NBC App,Telemundo,DRAMA,JUEGO DE MENTIRAS
Peacock,Peacock,DRAMA,POKER FACE
Peacock,WJAC,COM,NIGHT COURT
Peacock,KVOA,MUSIC,THE VOICE
Peacock,KTVZ,TALK,THE KELLY CLARKSON SHOW
Peacock,KVEO,TALK,THE KELLY CLARKSON SHOW
E! App,MSNBC,NEWS,MORNING JOE
NBC App,NBC,DRAMA,CHICAGO PD
nbc.com,Telemundo,DRAMA,LA TORMENTA
E! App,Bravo,REAL,THE REAL HOUSEWIVES OF MIAMI
nbc.com,NBC,MUSIC,THE VOICE
Peacock,CNBC,NEWS,AMERICAN GREED
Peacock,KCRA,MUSIC,THE VOICE
Peacock,KKCO,MUSIC,THE VOICE
Peacock,KXAS,NEWS,MEET THE PRESS
Peacock,WNDU,TALK,THE TONIGHT SHOW STARRING JIMMY FALLON
USA App,MSNBC,NEWS,THE REIDOUT
USA App,NBC,DRAMA,LA BREA
Peacock,WMBF,NEWS,MEET THE PRESS
usanetwork.com,Syfy,SCIFI,THE ARK
Peacock,Hallmark,FAM,RIDE
Peacock,WSMV,MUSIC,THE VOICE
Peacock,WIS,MUSIC,THE VOICE
usanetwork.com,Bravo,REAL,VANDERPUMP RULES
Peacock,KXAN,COM,NIGHT COURT
nbc.com,NBC,DRAMA,THE BLACKLIST
USA App,Bravo,REAL,BELOW DECK
Peacock,KYOU,MUSIC,THE VOICE
Peacock,KNTV,TALK,THE TONIGHT SHOW STARRING JIMMY FALLON
Peacock,WKTV,COM,NIGHT COURT
E! App,USA,REAL,CHRISLEY KNOWS BEST
USA App,NBC,COM,NIGHT COURT
Peacock,WMGT,TALK,THE TONIGHT SHOW STARRING JIMMY FALLON
NBC App,Oxygen,REAL,BURIED IN THE BACKYARD
Oxygen App,CNBC,NEWS,AMERICAN GREED
Peacock,KOBI,TALK,THE TONIGHT SHOW STARRING JIMMY FALLON
Peacock,KGNS,NEWS,MEET THE PRESS
Peacock,Bravo,REAL,PROJECT RUNWAY
Peacock,WMBF,COM,NIGHT COURT
Peacock,KSL,TALK,THE KELLY CLARKSON SHOW
Peacock,KGET,MUSIC,THE VOICE
Peacock,KTVZ,MUSIC,THE VOICE
Peacock,WMTV,TALK,THE TONIGHT SHOW STARRING JIMMY FALLON
Peacock,WLTZ,CRIME,FORENSIC FILES
Peacock,WGBA,NEWS,MEET THE PRESS
Peacock,WLTZ,NEWS,MEET THE PRESS
Peacock,Syfy,DRAMA,CHUCKY
Peacock,WBTS,MUSIC,THE VOICE
bravotv.com,Bravo,REAL,PROJECT RUNWAY
Peacock,KTUU,MUSIC,THE VOICE
Peacock,KSNB,TALK,THE TONIGHT SHOW STARRING JIMMY FALLON
Peacock,KSL,TALK,THE TONIGHT SHOW STARRING JIMMY FALLON
Peacock,WMGT,COM,NIGHT COURT
usanetwork.com,Oxygen,REAL,SNAPPED
Peacock,KSBY,NEWS,MEET THE PRESS
NBC App,NBC,REAL,THE FIRST 48
Peacock,Warner,HOR,THE VAMPIRE DIARIES
Peacock,MSNBC,NEWS,THE REIDOUT
nbc.com,Telemundo,DRAMA,LA HIJA DEL MARIACHI
Peacock,KFOR,MUSIC,THE VOICE
Peacock,WOOD,COM,NIGHT COURT
Peacock,WTLV,COM,NIGHT COURT
Peacock,KSEE,MUSIC,THE VOICE
Peacock,WFMJ,TALK,THE TONIGHT SHOW STARRING JIMMY FALLON
Peacock,WCYB,COM,NIGHT COURT
Peacock,WDAM,MUSIC,THE VOICE
Peacock,KNOP,MUSIC,THE VOICE
Peacock,WFIE,TALK,THE TONIGHT SHOW STARRING JIMMY FALLON
Peacock,KBJR,TALK,THE TONIGHT SHOW STARRING JIMMY FALLON
Peacock,KTSM,NEWS,MEET THE PRESS
Peacock,Bravo,REAL,SOUTHERN HOSPITALITY
Peacock,KNDO,MUSIC,THE VOICE
Peacock,WGBA,TALK,THE KELLY CLARKSON SHOW
Peacock,KTEN,COM,NIGHT COURT
Peacock,KHNL,COM,MODERN FAMILY
Peacock,WRCB,TALK,THE TONIGHT SHOW STARRING JIMMY FALLON
Peacock,KTSM,TALK,THE KELLY CLARKSON SHOW
Peacock,KOBI,NEWS,MEET THE PRESS
Syfy App,NBC,DRAMA,LAW & ORDER: SPECIAL VICTIMS UNIT
NBC App,NBC,COM,LOPEZ VS LOPEZ
Peacock,KSNV,NEWS,MEET THE PRESS
Peacock,WFMJ,NEWS,MEET THE PRESS
Peacock,WTVJ,NEWS,MEET THE PRESS
Peacock,WWPI,MUSIC,THE VOICE
NBC App,Bravo,REAL,TOP CHEF MASTERS
Peacock,WEEK,MUSIC,THE VOICE
NBC App,Telemundo,DRAMA,EL SEÑOR DE LOS CIELOS
Peacock,WGEM,COM,NIGHT COURT
nbc.com,NBC,REAL,AMERICAN NINJA WARRIOR
Peacock,KCBD,TALK,THE TONIGHT SHOW STARRING JIMMY FALLON
Peacock,KNPG,MUSIC,THE VOICE
Peacock,WETM,NEWS,MEET THE PRESS
Peacock,WFMJ,COM,NIGHT COURT
Peacock,KNBN,TALK,THE TONIGHT SHOW STARRING JIMMY FALLON
Peacock,KRNV,TALK,THE TONIGHT SHOW STARRING JIMMY FALLON
Peacock,NBC,COM,SUPERSTORE
Peacock,Fox,DRAMA,HOUSE
Peacock,Hallmark,DRAMA,WHEN CALLS THE HEART
Peacock,Oxygen,REAL,HOMICIDE FOR THE HOLIDAYS
syfy.com,Syfy,SCIFI,RESIDENT ALIEN
Peacock,WBRE,COM,NIGHT COURT
Peacock,WPTZ,COM,NIGHT COURT
NBC App,Oxygen,REAL,SNAPPED
NBC App,USA,DRAMA,CHICAGO FIRE
bravotv.com,Bravo,REAL,WINTER HOUSE
Peacock,WVVA,COM,NIGHT COURT
Peacock,KFOR,REAL,PAWN STARS
bravotv.com,Bravo,REAL,BELOW DECK ADVENTURE
usanetwork.com,NBC,REAL,AMERICA'S GOT TALENT
usanetwork.com,NBC,DRAMA,CHICAGO FIRE
USA App,Telemundo,DRAMA,CASO CERRADO
Peacock,KSBY,DRAMA,LAW & ORDER: SPECIAL VICTIMS UNIT
Peacock,REELZ,DOC,ON PATROL: LIVE
Peacock,NBC,DRAMA,LITTLE HOUSE ON THE PRAIRIE
Peacock,WSAV,NEWS,MEET THE PRESS
Peacock,KSNV,TALK,THE TONIGHT SHOW STARRING JIMMY FALLON
nbc.com,Bravo,REAL,THE REAL HOUSEWIVES OF POTOMAC
Peacock,KSNV,COM,NIGHT COURT
Peacock,WSFA,COM,NIGHT COURT
Peacock,KCBD,NEWS,MEET THE PRESS
Peacock,WILX,NEWS,MEET THE PRESS
Peacock,WNBJ,NEWS,MEET THE PRESS
Bravo App,NBC,COM,LOPEZ VS LOPEZ
Peacock,NBC,TALK,THE TONIGHT SHOW STARRING JIMMY FALLON
bravotv.com,Bravo,REAL,THE REAL HOUSEWIVES OF MIAMI
Peacock,KCRA,COM,NIGHT COURT
Peacock,WGEM,MUSIC,THE VOICE
Peacock,KOAA,COM,NIGHT COURT
Peacock,KVEO,COM,NIGHT COURT
NBC App,Telemundo,DRAMA,LA MUJER EN EL ESPEJO
NBC App,Bravo,REAL,BELOW DECK DOWN UNDER
oxygen.com,NBC,COM,SATURDAY NIGHT LIVE
Peacock,KVEO,TALK,THE TONIGHT SHOW STARRING JIMMY FALLON
Bravo App,CNBC,NEWS,AMERICAN GREED
nbc.com,Telemundo,DRAMA,JUEGO DE MENTIRAS
Peacock,NBC,REAL,THAT'S MY JAM
Peacock,Oxygen,REAL,AN UNEXPECTED KILLER
nbc.com,NBC,COM,SATURDAY NIGHT LIVE
Peacock,Telemundo,DRAMA,CASO CERRADO
usanetwork.com,NBC,DRAMA,CHICAGO MED
USA App,Syfy,SCIFI,RESIDENT ALIEN
Peacock,KUSA,MUSIC,THE VOICE
Peacock,WHO,COM,NIGHT COURT
Peacock,KSNW,TALK,THE TONIGHT SHOW STARRING JIMMY FALLON
Peacock,WXXV,MUSIC,THE VOICE
Peacock,KSBW,COM,NIGHT COURT
Peacock,WHEC,TALK,THE TONIGHT SHOW STARRING JIMMY FALLON
Peacock,KMTR,TALK,THE KELLY CLARKSON SHOW
Peacock,WVNC,TALK,THE TONIGHT SHOW STARRING JIMMY FALLON
USA App,USA,REAL,THE BIG D
Peacock,WEYI,NEWS,MEET THE PRESS
Peacock,PBS,DRAMA,DOWNTON ABBEY
Peacock,Peacock,DRAMA,MRS. DAVIS
NBC App,Bravo,REAL,THE REAL HOUSEWIVES OF MIAMI
Peacock,KSHB,MUSIC,THE VOICE
Peacock,WSAZ,MUSIC,THE VOICE
Peacock,WCMH,MUSIC,THE VOICE
Peacock,WETM,MUSIC,THE VOICE
Peacock,WDAM,NEWS,MEET THE PRESS
NBC Sports App TVE,Telemundo,REAL,LA CASA DE LOS FAMOSOS
NBC App,Telemundo,DRAMA,AMOR VALIENTE
Peacock,WLTZ,DRAMA,CHICAGO FIRE
Peacock,Peacock,REAL,TOP CHEF
Peacock,LOL Network,REAL,HART TO HEART
Peacock,Bravo,REAL,WATCH WITH VANDERPUMP CAST
Peacock,WAFF,MUSIC,THE VOICE
Peacock,WWLP,MUSIC,THE VOICE
Oxygen App,MSNBC,NEWS,MORNING JOE
Peacock,WTLV,TALK,THE TONIGHT SHOW STARRING JIMMY FALLON
Bravo App,Bravo,REAL,PROJECT RUNWAY
Oxygen App,Oxygen,DOC,FLORIBAMA MURDERS
E! App,MSNBC,NEWS,THE REIDOUT
E! App,NBC,COM,SATURDAY NIGHT LIVE
Peacock,WXIA,MUSIC,THE VOICE
Peacock,WJAR,COM,NIGHT COURT
Peacock,KSBY,MUSIC,THE VOICE
Peacock,WRCB,MUSIC,THE VOICE
usanetwork.com,USA,DRAMA,LAW & ORDER: SPECIAL VICTIMS UNIT
Peacock,WSMV,NEWS,MEET THE PRESS
Peacock,WYFF,TALK,THE KELLY CLARKSON SHOW
Peacock,KSNW,COM,NIGHT COURT
oxygen.com,Oxygen,DOC,FAMILY MASSACRE
Peacock,KSAN,TALK,THE TONIGHT SHOW STARRING JIMMY FALLON
Peacock,WSLS,NEWS,MEET THE PRESS
Peacock,WGBC,DRAMA,LAW & ORDER: SPECIAL VICTIMS UNIT
Peacock,LOL Network,COM,EVERYBODY HATES CHRIS
Peacock,WAVE,MUSIC,THE VOICE
Peacock,WFIE,MUSIC,THE VOICE
Peacock,WCYB,MUSIC,THE VOICE
Peacock,WLBT,MUSIC,THE VOICE
Syfy App,Syfy,DRAMA,QUANTUM LEAP
Peacock,KTEN,TALK,THE KELLY CLARKSON SHOW
nbc.com,Bravo,REAL,TOP CHEF
Peacock,WPTV,TALK,THE TONIGHT SHOW STARRING JIMMY FALLON
Peacock,WOWT,NEWS,MEET THE PRESS
Peacock,WVTM,NEWS,MEET THE PRESS
Peacock,WBOY,NEWS,MEET THE PRESS
Peacock,KUSA,NEWS,MEET THE PRESS
usanetwork.com,NBC,DRAMA,LA BREA
Peacock,WRGX,COM,NIGHT COURT
Bravo App,Bravo,REAL,SUMMER HOUSE
Peacock,WOOD,MUSIC,THE VOICE
Peacock,WLBZ,COM,NIGHT COURT
NBC App,NBC,COM,NIGHT COURT
Peacock,WSFA,TALK,THE TONIGHT SHOW STARRING JIMMY FALLON
Peacock,WPBI,COM,THE KING OF QUEENS
Peacock,WHIZ,COM,NIGHT COURT
Peacock,USA,DRAMA,SUITS
Peacock,Bravo,REAL,TOP CHEF
Peacock,CBS,COM,EVERYBODY LOVES RAYMOND
Peacock,WTHR,COM,NIGHT COURT
Peacock,WRDE,MUSIC,THE VOICE
Syfy App,Syfy,DRAMA,CHUCKY
Oxygen App,Oxygen,REAL,HOMICIDE FOR THE HOLIDAYS
Peacock,KSHB,NEWS,MEET THE PRESS
Peacock,KOMU,NEWS,MEET THE PRESS
Peacock,WKYC,COM,NIGHT COURT
Peacock,WTVA,MUSIC,THE VOICE
Bravo App,USA,DRAMA,LAW & ORDER: SPECIAL VICTIMS UNIT
Peacock,WTWO,MUSIC,THE VOICE
bravotv.com,Bravo,REAL,BELOW DECK MEDITERRANEAN
Peacock,WAGT,MUSIC,THE VOICE
USA App,USA,REAL,CHRISLEY KNOWS BEST
Bravo App,Bravo,REAL,MILLION DOLLAR LISTING LOS ANGELES
Peacock,WLWT,TALK,THE TONIGHT SHOW STARRING JIMMY FALLON
Peacock,KSBY,COM,NIGHT COURT
Peacock,KHNL,NEWS,MEET THE PRESS
E! App,Bravo,REAL,THE REAL HOUSEWIVES OF NEW JERSEY
Peacock,Warner,COM,GEORGE LOPEZ
Peacock,Universal,DRAMA,GRIMM
Peacock,Lionsgate,DRAMA,WEEDS
Peacock,WWE NETWORK,SPORT,ROYAL RUMBLE
nbc.com,Telemundo,REAL,LA CASA DE LOS FAMOSOS
E! App,Bravo,REAL,VANDERPUMP RULES
Peacock,WCSH,TALK,THE TONIGHT SHOW STARRING JIMMY FALLON
Peacock,KNWA,COM,NIGHT COURT
USA App,USA,DRAMA,THE CONTINENTAL
Peacock,WCNC,NEWS,MEET THE PRESS
Peacock,WNBJ,COM,NIGHT COURT
Peacock,WPMI,NEWS,MEET THE PRESS
Syfy App,Bravo,REAL,THE REAL HOUSEWIVES OF BEVERLY HILLS
Peacock,NBC,DRAMA,NEW YORK UNDERCOVER
Peacock,KTVB,MUSIC,THE VOICE
Peacock,WFLA,COM,NIGHT COURT
Peacock,KPNX,TALK,THE TONIGHT SHOW STARRING JIMMY FALLON
Peacock,WCMH,NEWS,MEET THE PRESS
Peacock,WDTN,TALK,THE TONIGHT SHOW STARRING JIMMY FALLON
Peacock,KPLC,MUSIC,THE VOICE
nbc.com,Bravo,REAL,THE REAL HOUSEWIVES OF ORANGE COUNTY
Peacock,KTVB,REAL,STORAGE WARS
Peacock,KNWA,NEWS,MEET THE PRESS
Oxygen App,Bravo,REAL,BELOW DECK
nbc.com,USA,DRAMA,CHICAGO FIRE
Peacock,Sky,DOC,ESCAPE TO THE CHATEAU
Peacock,NBC,COM,AMERICAN AUTO
Peacock,KGW,MUSIC,THE VOICE
Syfy App,NBC,COM,SATURDAY NIGHT LIVE
nbc.com,NBC,DRAMA,CHICAGO PD
Peacock,WNKY,NEWS,MEET THE PRESS
Peacock,KTEN,NEWS,MEET THE PRESS
Peacock,Peacock,COM,THE OFFICE: SUPERFAN EPISODES
Peacock,WDIV,TALK,THE TONIGHT SHOW STARRING JIMMY FALLON
NBC App,MSNBC,NEWS,THE REIDOUT
Peacock,WMTV,TALK,THE KELLY CLARKSON SHOW
Peacock,KARK,MUSIC,THE VOICE
Peacock,WBOY,TALK,THE KELLY CLARKSON SHOW
Peacock,KPVI,TALK,THE TONIGHT SHOW STARRING JIMMY FALLON
syfy.com,Syfy,DRAMA,CHUCKY
Peacock,WOOD,NEWS,MEET THE PRESS
Peacock,KVOA,TALK,THE TONIGHT SHOW STARRING JIMMY FALLON
Peacock,WSFA,NEWS,MEET THE PRESS
nbc.com,Oxygen,DOC,FLORIBAMA MURDERS
NBC App,NBC,NEWS,MEET THE PRESS
bravotv.com,Bravo,REAL,THE REAL HOUSEWIVES OF NEW YORK CITY
Peacock,WMC,COM,NIGHT COURT
Peacock,WCNC,MUSIC,THE VOICE
USA App,E!,COM,MODERN FAMILY
Peacock,WVNC,COM,NIGHT COURT
NBC App,Bravo,REAL,SUMMER HOUSE: MARTHA'S VINEYARD
Peacock,WPSD,TALK,THE TONIGHT SHOW STARRING JIMMY FALLON
Peacock,WAND,COM,NIGHT COURT
NBC App,CNBC,NEWS,AMERICAN GREED
Peacock,KVLY,TALK,THE TONIGHT SHOW STARRING JIMMY FALLON
Peacock,KAMR,MUSIC,THE VOICE
Peacock,KARE,NEWS,MEET THE PRESS
Oxygen App,Bravo,REAL,VANDERPUMP RULES
Peacock,WILX,TALK,THE TONIGHT SHOW STARRING JIMMY FALLON
NBC App,Bravo,REAL,THE REAL HOUSEWIVES OF DALLAS
Peacock,WGAL,COM,NIGHT COURT
Peacock,WTMJ,TALK,THE TONIGHT SHOW STARRING JIMMY FALLON
Peacock,KBMT,COM,TWO AND A HALF MEN
Peacock,KIEM,MUSIC,THE VOICE
nbc.com,Bravo,REAL,THE REAL HOUSEWIVES OF BEVERLY HILLS
E! App,Telemundo,DRAMA,LA MUJER EN EL ESPEJO
Bravo App,Telemundo,DRAMA,LA MUJER EN EL ESPEJO
Peacock,KBMT,COM,MODERN FAMILY
Peacock,WESH,MUSIC,THE VOICE
NBC App,NBC,TALK,THE KELLY CLARKSON SHOW
Peacock,WGAL,NEWS,MEET THE PRESS
Peacock,KYTV,TALK,THE KELLY CLARKSON SHOW
NBC App,Bravo,REAL,THE REAL HOUSEWIVES OF ORANGE COUNTY
usanetwork.com,MSNBC,NEWS,MORNING JOE
Peacock,WBAL,DRAMA,CHICAGO FIRE
Peacock,WICU,COM,MODERN FAMILY
Peacock,Fox,COM,THAT '70S SHOW
Peacock,Bravo,REAL,LOVE WITHOUT BORDERS
Peacock,NBC,REAL,AMERICAN NINJA WARRIOR
Peacock,KSNW,TALK,THE KELLY CLARKSON SHOW
Peacock,Telemundo,DRAMA,HASTA QUE LA PLATA NOS SEPARE
Peacock,KHNL,MUSIC,THE VOICE
Peacock,WMTV,MUSIC,THE VOICE
Peacock,WESH,TALK,THE KELLY CLARKSON SHOW
Peacock,WVIT,MUSIC,THE VOICE
Peacock,WHEC,COM,NIGHT COURT
Peacock,WBGH,NEWS,MEET THE PRESS
Syfy App,NBC,TALK,THE TONIGHT SHOW STARRING JIMMY FALLON
Peacock,KSNT,TALK,THE TONIGHT SHOW STARRING JIMMY FALLON
Peacock,KAGS,TALK,THE TONIGHT SHOW STARRING JIMMY FALLON
Peacock,KATH,COM,NIGHT COURT
Bravo App,Oxygen,REAL,MURDERED BY MORNING
Peacock,NBC,COM,GRAND CREW
Peacock,Peacock,COM,BUPKIS
bravotv.com,Bravo,REAL,SUMMER HOUSE: MARTHA'S VINEYARD
Peacock,WYFF,MUSIC,THE VOICE
Peacock,WSAV,MUSIC,THE VOICE
Peacock,KMTR,MUSIC,THE VOICE
Peacock,KGNS,MUSIC,THE VOICE
Peacock,WHIZ,TALK,THE KELLY CLARKSON SHOW
Syfy App,USA,DRAMA,LAW & ORDER: SPECIAL VICTIMS UNIT
Peacock,WBTS,DRAMA,LAW & ORDER
Peacock,NBC,DRAMA,NEW AMSTERDAM
Peacock,Peacock,DRAMA,LAST LIGHT
Bravo App,Bravo,REAL,SOUTHERN CHARM
nbc.com,Bravo,REAL,THE REAL HOUSEWIVES OF ATLANTA
Peacock,KNBC,TALK,THE KELLY CLARKSON SHOW
Peacock,WFLA,MUSIC,THE VOICE
Peacock,WBOY,MUSIC,THE VOICE
Peacock,WDSU,NEWS,MEET THE PRESS
Peacock,WTOV,COM,NIGHT COURT
USA App,Bravo,REAL,THE REAL HOUSEWIVES OF POTOMAC
Peacock,WNWO,COM,NIGHT COURT
Peacock,KYMA,NEWS,MEET THE PRESS
NBC Sports App TVE,Bravo,REAL,TOP CHEF
Peacock,E!,REAL,BOTCHED
Peacock,Bravo,REAL,THE REAL HOUSEWIVES OF NEW YORK CITY
Bravo App,Bravo,REAL,THE REAL HOUSEWIVES OF ATLANTA
Peacock,KPNX,MUSIC,THE VOICE
Peacock,KOMU,COM,NIGHT COURT
Peacock,KJRH,MUSIC,THE VOICE
Peacock,WXIA,TALK,THE TONIGHT SHOW STARRING JIMMY FALLON
Peacock,WBBH,COM,NIGHT COURT
Peacock,WBBH,TALK,THE TONIGHT SHOW STARRING JIMMY FALLON
Oxygen App,NBC,DRAMA,CHICAGO FIRE
Peacock,KUAM,MUSIC,THE VOICE
Peacock,WGRZ,NEWS,MEET THE PRESS
Peacock,KTVF,COM,MODERN FAMILY
Peacock,WSVW,DRAMA,LAW & ORDER: SPECIAL VICTIMS UNIT
Syfy App,NBC,DRAMA,LAW & ORDER: ORGANIZED CRIME
Peacock,Disney,COM,MODERN FAMILY
Peacock,WNBC,TALK,THE TONIGHT SHOW STARRING JIMMY FALLON
Peacock,KXAS,TALK,THE KELLY CLARKSON SHOW
Bravo App,Bravo,REAL,BELOW DECK ADVENTURE
Peacock,KYTV,COM,NIGHT COURT
Peacock,KULR,TALK,THE TONIGHT SHOW STARRING JIMMY FALLON
Peacock,WPTA,MUSIC,THE VOICE
usanetwork.com,NBC,MUSIC,THE VOICE
NBC App,NBC,COM,MODERN FAMILY
Peacock,KTVM,COM,NIGHT COURT
Peacock,KATH,MUSIC,THE VOICE
usanetwork.com,USA,REAL,THE BIG D
Peacock,Bravo,REAL,VANDERPUMP RULES
Peacock,WKYC,MUSIC,THE VOICE
Peacock,KBMT,MUSIC,THE VOICE
Peacock,WNBC,MUSIC,THE VOICE
Peacock,KAMR,TALK,THE TONIGHT SHOW STARRING JIMMY FALLON
Peacock,WMTV,NEWS,MEET THE PRESS
Peacock,WNBD,TALK,THE TONIGHT SHOW STARRING JIMMY FALLON
Peacock,KRBC,MUSIC,THE VOICE
Peacock,KETK,TALK,THE TONIGHT SHOW STARRING JIMMY FALLON
Peacock,KING,COM,SATURDAY NIGHT LIVE
Syfy App,Bravo,REAL,SUMMER HOUSE
bravotv.com,Bravo,REAL,LOVE WITHOUT BORDERS
Peacock,NBC,COM,SATURDAY NIGHT LIVE
Peacock,Telemundo,UNK,NATURAL BORN NARCO
Peacock,WPXI,MUSIC,THE VOICE
Peacock,WLTZ,TALK,THE KELLY CLARKSON SHOW
Peacock,KWQC,TALK,THE KELLY CLARKSON SHOW
USA App,NBC,DRAMA,CHICAGO MED
Peacock,KWES,NEWS,MEET THE PRESS
Peacock,KOBI,REAL,PAWN STARS
Syfy App,Syfy,DRAMA,WAREHOUSE 13
Peacock,WWPI,NEWS,MEET THE PRESS
USA App,NBC,NEWS,MEET THE PRESS
Peacock,NBC,TALK,THE KELLY CLARKSON SHOW
Peacock,Peacock,DOC,"I LOVE YOU, YOU HATE ME"
Peacock,WTWO,COM,NIGHT COURT
Peacock,KYMA,MUSIC,THE VOICE
Peacock,WPBI,MUSIC,THE VOICE
Peacock,KBJR,MUSIC,THE VOICE
Peacock,WLBZ,TALK,THE KELLY CLARKSON SHOW
Peacock,WTAP,MUSIC,THE VOICE
Peacock,WVLA,COM,NIGHT COURT
Peacock,KSNB,COM,NIGHT COURT
USA App,NBC,DRAMA,QUANTUM LEAP
E! App,Bravo,REAL,BELOW DECK
NBC App,NBC,DRAMA,THE BLACKLIST
nbc.com,USA,REAL,CHRISLEY KNOWS BEST
NBC App,NBC,DRAMA,NEW AMSTERDAM
Peacock,KDLT,NEWS,MEET THE PRESS
nbc.com,Bravo,REAL,PROJECT RUNWAY
NBC App,Syfy,DRAMA,CHUCKY
Peacock,NBC,DRAMA,QUANTUM LEAP
nbc.com,NBC,TALK,THE KELLY CLARKSON SHOW
usanetwork.com,USA,REAL,CHRISLEY KNOWS BEST
Peacock,WSMV,REAL,PAWN STARS
Peacock,WSAV,COM,NIGHT COURT
nbc.com,USA,DRAMA,LAW & ORDER: SPECIAL VICTIMS UNIT
Peacock,WSTM,TALK,THE KELLY CLARKSON SHOW
Peacock,KTAL,COM,NIGHT COURT
Peacock,WESH,COM,NIGHT COURT
Peacock,KSDK,NEWS,MEET THE PRESS
Peacock,KTVF,REAL,THE FIRST 48
NBC Sports App TVE,MSNBC,NEWS,THE REIDOUT
nbc.com,Bravo,REAL,LOVE WITHOUT BORDERS
NBC App,Syfy,DRAMA,WAREHOUSE 13
Peacock,Sony,COM,KEVIN CAN WAIT
Peacock,Oxygen,REAL,MURDERED BY MORNING
Peacock,KWWL,COM,NIGHT COURT
Peacock,WTHR,NEWS,MEET THE PRESS
Peacock,KCWY,TALK,THE TONIGHT SHOW STARRING JIMMY FALLON
Peacock,KNOP,NEWS,MEET THE PRESS
E! App,Syfy,SCIFI,RESIDENT ALIEN
Peacock,KTVH,DRAMA,CHICAGO FIRE
Peacock,Peacock,DRAMA,THE CONTINENTAL
Peacock,CBS,COM,THE MUNSTERS
NBC App,NBC,DRAMA,LA BREA
bravotv.com,Bravo,REAL,BELOW DECK
Peacock,WSMV,COM,NIGHT COURT
Peacock,WMTV,COM,NIGHT COURT
Peacock,WCBD,MUSIC,THE VOICE
Peacock,WLUC,COM,NIGHT COURT
Peacock,KSNF,MUSIC,THE VOICE
Peacock,KAIT,TALK,THE TONIGHT SHOW STARRING JIMMY FALLON
Bravo App,Telemundo,UNK,TIERRA DE REYES
NBC App,NBC,DRAMA,LAW & ORDER
Peacock,Bravo,REAL,SUMMER HOUSE: MARTHA'S VINEYARD
Peacock,Telemundo,DRAMA,"YO SOY BETTY, LA FEA"
Peacock,KWWL,MUSIC,THE VOICE
Peacock,KJRH,COM,NIGHT COURT
Peacock,WFMJ,MUSIC,THE VOICE
Peacock,KECI,COM,NIGHT COURT
Peacock,KWES,COM,NIGHT COURT
Peacock,WAFF,NEWS,MEET THE PRESS
Bravo App,Oxygen,REAL,SNAPPED
Peacock,KAIT,NEWS,MEET THE PRESS
USA App,Telemundo,DRAMA,LA HIJA DEL MARIACHI
Peacock,WNBJ,TALK,THE TONIGHT SHOW STARRING JIMMY FALLON
Peacock,KNDO,NEWS,MEET THE PRESS
Syfy App,NBC,TALK,THE KELLY CLARKSON SHOW
NBC App,Oxygen,REAL,AN UNEXPECTED KILLER
Peacock,WXII,COM,NIGHT COURT
Peacock,WBAL,MUSIC,THE VOICE
usanetwork.com,USA,SPORT,WWE NXT
Peacock,Paramount,REAL,JAIL
Peacock,WECT,COM,NIGHT COURT
Peacock,WNYT,TALK,THE TONIGHT SHOW STARRING JIMMY FALLON
NBC App,Bravo,REAL,THE REAL HOUSEWIVES OF ATLANTA
Peacock,KBMT,COM,NIGHT COURT
Peacock,KTEN,TALK,THE TONIGHT SHOW STARRING JIMMY FALLON
Bravo App,E!,REAL,BOTCHED
NBC Sports App TVE,MSNBC,NEWS,MORNING JOE
oxygen.com,Oxygen,DOC,FLORIBAMA MURDERS
Peacock,WWPI,TALK,THE TONIGHT SHOW STARRING JIMMY FALLON
USA App,NBC,REAL,AMERICA'S GOT TALENT
USA App,Syfy,DRAMA,CHUCKY
Oxygen App,Bravo,REAL,THE REAL HOUSEWIVES OF BEVERLY HILLS
Peacock,WSLS,MUSIC,THE VOICE
Peacock,KYTV,MUSIC,THE VOICE
Peacock,WXXV,TALK,THE KELLY CLARKSON SHOW
USA App,Telemundo,REAL,LA CASA DE LOS FAMOSOS
Peacock,KSEE,NEWS,MEET THE PRESS
Peacock,KTVH,MUSIC,THE VOICE
Peacock,NBC,DRAMA,LA BREA
Peacock,Bravo,REAL,THE REAL HOUSEWIVES OF DALLAS
Peacock,WPSD,COM,NIGHT COURT
Peacock,KNSD,TALK,THE TONIGHT SHOW STARRING JIMMY FALLON
nbc.com,Syfy,SCIFI,RESIDENT ALIEN
Peacock,KTVF,MUSIC,THE VOICE
Peacock,KSBW,TALK,THE KELLY CLARKSON SHOW
Peacock,KCWY,CRIME,FORENSIC FILES
Peacock,KEYC,TALK,THE TONIGHT SHOW STARRING JIMMY FALLON
Peacock,ABC,COM,LEAVE IT TO BEAVER
Peacock,Peacock,DRAMA,BASED ON A TRUE STORY
Peacock,WILX,MUSIC,THE VOICE
Peacock,KXAS,COM,NIGHT COURT
Peacock,WAND,TALK,THE TONIGHT SHOW STARRING JIMMY FALLON
Peacock,KGW,COM,NIGHT COURT
Peacock,KRIS,TALK,THE TONIGHT SHOW STARRING JIMMY FALLON
nbc.com,NBC,NEWS,MEET THE PRESS
Peacock,WLEX,NEWS,MEET THE PRESS
Peacock,KTUU,NEWS,MEET THE PRESS
Peacock,KMIR,TALK,THE TONIGHT SHOW STARRING JIMMY FALLON
Peacock,Paramount,DRAMA,YELLOWSTONE
Bravo App,Bravo,REAL,BELOW DECK MEDITERRANEAN
Peacock,LOL Network,REAL,REAL HUSBANDS OF HOLLYWOOD
Peacock,WLWT,COM,NIGHT COURT
Peacock,WMAQ,TALK,THE TONIGHT SHOW STARRING JIMMY FALLON
nbc.com,Telemundo,UNK,TIERRA DE REYES
Peacock,KSNW,NEWS,MEET THE PRESS
Bravo App,MSNBC,NEWS,MORNING JOE
Peacock,WWLP,TALK,THE TONIGHT SHOW STARRING JIMMY FALLON
usanetwork.com,USA,DRAMA,CHICAGO FIRE
Syfy App,NBC,DRAMA,CHICAGO FIRE
Peacock,WEYI,TALK,THE TONIGHT SHOW STARRING JIMMY FALLON
Peacock,KALB,COM,NIGHT COURT
usanetwork.com,Telemundo,DRAMA,HASTA QUE LA PLATA NOS SEPARE
Peacock,WXXV,TALK,THE TONIGHT SHOW STARRING JIMMY FALLON
Peacock,WPTA,NEWS,MEET THE PRESS
Bravo App,USA,DRAMA,CHICAGO FIRE
bravotv.com,Bravo,REAL,THE REAL HOUSEWIVES OF POTOMAC
Peacock,Telemundo,DRAMA,AMOR VALIENTE
Peacock,KTVE,TALK,THE TONIGHT SHOW STARRING JIMMY FALLON
Peacock,WOAI,MUSIC,THE VOICE
Peacock,KDLT,COM,NIGHT COURT
NBC App,Bravo,REAL,TOP CHEF
NBC App,Bravo,REAL,PROJECT RUNWAY
USA App,NBC News,NEWS,MEET THE PRESS
Peacock,KNBN,COM,NIGHT COURT
Peacock,WMGT,DRAMA,CHICAGO FIRE
USA App,Telemundo,DRAMA,EL SEÑOR DE LOS CIELOS
Oxygen App,NBC,DRAMA,QUANTUM LEAP
Peacock,KTTC,DRAMA,HEARTLAND
nbc.com,Oxygen,REAL,BURIED IN THE BACKYARD
Peacock,NBC,COM,THAT '70S SHOW
Syfy App,Syfy,SCIFI,THE ARK
Peacock,Bravo,REAL,WINTER HOUSE
nbc.com,NBC,DRAMA,CHICAGO MED
Peacock,KTTC,TALK,THE TONIGHT SHOW STARRING JIMMY FALLON
USA App,USA,DRAMA,LAW & ORDER: SPECIAL VICTIMS UNIT
Peacock,WICU,COM,NIGHT COURT
bravotv.com,Bravo,REAL,SOUTHERN HOSPITALITY
bravotv.com,Bravo,REAL,THE REAL HOUSEWIVES OF DALLAS
Peacock,WTOV,TALK,THE TONIGHT SHOW STARRING JIMMY FALLON
Peacock,KSEE,TALK,THE TONIGHT SHOW STARRING JIMMY FALLON
Peacock,WPTA,COM,NIGHT COURT
Peacock,KRBC,TALK,THE TONIGHT SHOW STARRING JIMMY FALLON
Peacock,KNBN,NEWS,MEET THE PRESS
Peacock,KSL,NEWS,MEET THE PRESS
NBC Sports App TVE,E!,REAL,BELOW DECK
Peacock,NBC,NEWS,MEET THE PRESS
nbc.com,NBC,COM,NIGHT COURT
Peacock,KNTV,MUSIC,THE VOICE
Peacock,WTVA,COM,NIGHT COURT
Peacock,KTUU,TALK,THE TONIGHT SHOW STARRING JIMMY FALLON
Peacock,WPBN,TALK,THE KELLY CLARKSON SHOW
Peacock,WAVY,TALK,THE KELLY CLARKSON SHOW
Peacock,WTOV,TALK,THE KELLY CLARKSON SHOW
Peacock,WALB,TALK,THE TONIGHT SHOW STARRING JIMMY FALLON
Bravo App,Telemundo,REAL,LA CASA DE LOS FAMOSOS
Peacock,KRBC,NEWS,MEET THE PRESS
Peacock,Bravo,REAL,BELOW DECK ADVENTURE
USA App,NBC,MUSIC,THE VOICE
Peacock,KYTV,TALK,THE TONIGHT SHOW STARRING JIMMY FALLON
NBC App,MSNBC,NEWS,ANDREA MITCHELL REPORTS
Peacock,KTVB,CRIME,FORENSIC FILES
Peacock,WLBT,TALK,THE TONIGHT SHOW STARRING JIMMY FALLON
Peacock,KNSD,NEWS,MEET THE PRESS
USA App,Bravo,REAL,THE REAL HOUSEWIVES OF NEW JERSEY
Peacock,KAGS,COM,NIGHT COURT
NBC App,Bravo,REAL,LOVE WITHOUT BORDERS
Peacock,WNKY,COM,MODERN FAMILY
E! App,Bravo,REAL,THE REAL HOUSEWIVES OF ATLANTA
Peacock,Hallmark,DRAMA,CHESAPEAKE SHORES
Peacock,WRAL,COM,NIGHT COURT
Peacock,KSHB,COM,NIGHT COURT
NBC Sports App TVE,MSNBC,NEWS,ANDREA MITCHELL REPORTS
Syfy App,MSNBC,NEWS,THE REIDOUT
Peacock,WREX,TALK,THE TONIGHT SHOW STARRING JIMMY FALLON
Peacock,Bravo,REAL,TOP CHEF MASTERS
nbc.com,MSNBC,NEWS,ANDREA MITCHELL REPORTS
Peacock,KING,MUSIC,THE VOICE
Peacock,KNBC,NEWS,MEET THE PRESS
Peacock,WEYI,TALK,THE KELLY CLARKSON SHOW
Peacock,WBRE,MUSIC,THE VOICE
Peacock,KSL,COM,NIGHT COURT
NBC App,Bravo,REAL,THE REAL HOUSEWIVES OF BEVERLY HILLS
Peacock,WLEX,TALK,THE TONIGHT SHOW STARRING JIMMY FALLON
Peacock,KTUU,COM,NIGHT COURT
Peacock,WTVA,TALK,THE TONIGHT SHOW STARRING JIMMY FALLON
E! App,Bravo,REAL,THE REAL HOUSEWIVES OF DUBAI
Peacock,KNPG,NEWS,MEET THE PRESS
Peacock,WGRZ,COM,NIGHT COURT
Peacock,WRC,COM,NIGHT COURT
Peacock,WJAR,TALK,THE KELLY CLARKSON SHOW
Peacock,KPRC,COM,NIGHT COURT
Peacock,KRIS,COM,NIGHT COURT
Oxygen App,E!,COM,MODERN FAMILY
Peacock,KSNF,COM,NIGHT COURT
nbc.com,NBC,DRAMA,NEW AMSTERDAM
nbc.com,Bravo,REAL,SUMMER HOUSE: MARTHA'S VINEYARD
Peacock,KTVF,TALK,THE TONIGHT SHOW STARRING JIMMY FALLON
Syfy App,Bravo,REAL,THE REAL HOUSEWIVES OF POTOMAC
Oxygen App,USA,REAL,CHRISLEY KNOWS BEST
Peacock,KATH,TALK,THE KELLY CLARKSON SHOW
Peacock,Bravo,REAL,THE REAL HOUSEWIVES OF MIAMI
Peacock,WPSD,MUSIC,THE VOICE
Peacock,WDIV,MUSIC,THE VOICE
Peacock,WTHR,TALK,THE TONIGHT SHOW STARRING JIMMY FALLON
nbc.com,Telemundo,DRAMA,EL SEÑOR DE LOS CIELOS
Peacock,WLBZ,NEWS,MEET THE PRESS
Peacock,WPTA,TALK,THE KELLY CLARKSON SHOW
Peacock,KIEM,TALK,THE TONIGHT SHOW STARRING JIMMY FALLON
USA App,NBC,DRAMA,NEW AMSTERDAM
Bravo App,Bravo,REAL,BELOW DECK
Peacock,WTLV,MUSIC,THE VOICE
Peacock,WPXI,TALK,THE TONIGHT SHOW STARRING JIMMY FALLON
Peacock,WVIR,MUSIC,THE VOICE
Peacock,KFOR,TALK,THE TONIGHT SHOW STARRING JIMMY FALLON
Peacock,KCWY,COM,NIGHT COURT
Bravo App,Bravo,REAL,THE REAL HOUSEWIVES OF DALLAS
Peacock,KNBC,COM,NIGHT COURT
Peacock,WBGH,COM,MODERN FAMILY
Peacock,WDAM,COM,NIGHT COURT
Peacock,WJFW,MUSIC,THE VOICE
Oxygen App,Telemundo,REAL,LA CASA DE LOS FAMOSOS
Peacock,NBC,COM,PARKS AND RECREATION
Peacock,Bravo,REAL,SWV & XSCAPE: THE QUEENS OF R&B
NBC App,Bravo,REAL,VANDERPUMP RULES
Peacock,KTSM,MUSIC,THE VOICE
Peacock,WLEX,TALK,THE KELLY CLARKSON SHOW
Peacock,NBC,COM,GOOD TIMES
Peacock,KAIT,COM,NIGHT COURT
NBC App,Telemundo,DRAMA,LA TORMENTA
Peacock,KHQ,COM,NIGHT COURT
Peacock,WAGT,TALK,THE KELLY CLARKSON SHOW
NBC App,USA,DRAMA,THE CONTINENTAL
Peacock,Sony,COM,THE KING OF QUEENS
Peacock,WWE NETWORK,SPORT,SURVIVOR SERIES
Peacock,WITN,COM,NIGHT COURT
Peacock,WPTV,COM,NIGHT COURT
Peacock,WCAU,TALK,THE TONIGHT SHOW STARRING JIMMY FALLON
NBC App,Bravo,REAL,WINTER HOUSE
Peacock,WTWC,COM,NIGHT COURT
Oxygen App,Syfy,SCIFI,RESIDENT ALIEN
Syfy App,NBC,DRAMA,LAW & ORDER
Peacock,KHQ,TALK,THE TONIGHT SHOW STARRING JIMMY FALLON
Peacock,WWPI,COM,THE KING OF QUEENS
Peacock,KATH,TALK,THE TONIGHT SHOW STARRING JIMMY FALLON
Peacock,WNKY,TALK,THE KELLY CLARKSON SHOW
Peacock,CBS,DRAMA,ALFRED HITCHCOCK PRESENTS
Peacock,WWE NETWORK,SPORT,WWE NXT
Peacock,KOBI,TALK,THE KELLY CLARKSON SHOW
Peacock,KSNW,MUSIC,THE VOICE
Peacock,WJHG,MUSIC,THE VOICE
bravotv.com,Bravo,REAL,MILLION DOLLAR LISTING LOS ANGELES
Peacock,WDSU,MUSIC,THE VOICE
E! App,Bravo,REAL,THE REAL HOUSEWIVES OF POTOMAC
USA App,NBC,COM,SATURDAY NIGHT LIVE
nbc.com,MSNBC,NEWS,ALEX WAGNER TONIGHT
Peacock,KTVZ,COM,NIGHT COURT
usanetwork.com,Universo,DRAMA,CASO CERRADO
Peacock,Peacock,DOC,DATELINE: THE LAST DAY
bravotv.com,Bravo,REAL,THE REAL HOUSEWIVES OF NEW JERSEY
Peacock,KAIT,MUSIC,THE VOICE
nbc.com,Bravo,REAL,SUMMER HOUSE
Peacock,WOAI,TALK,THE KELLY CLARKSON SHOW
Peacock,WOOD,TALK,THE TONIGHT SHOW STARRING JIMMY FALLON
Peacock,WHEC,NEWS,MEET THE PRESS
Peacock,WEYI,MUSIC,THE VOICE
Peacock,KDLT,TALK,THE TONIGHT SHOW STARRING JIMMY FALLON
E! App,NBC,TALK,THE TONIGHT SHOW STARRING JIMMY FALLON
Peacock,KBMT,TALK,THE TONIGHT SHOW STARRING JIMMY FALLON
Peacock,WTAP,TALK,THE KELLY CLARKSON SHOW
Peacock,NBC,COM,A.P. BIO
Peacock,KSNB,MUSIC,THE VOICE
Peacock,KTAL,MUSIC,THE VOICE
Peacock,WAVE,COM,NIGHT COURT
Bravo App,Bravo,REAL,TOP CHEF
Peacock,WEAU,TALK,THE TONIGHT SHOW STARRING JIMMY FALLON
Peacock,WNYT,CRIME,FORENSIC FILES
Peacock,KTTC,COM,NIGHT COURT
Peacock,KWES,TALK,THE TONIGHT SHOW STARRING JIMMY FALLON
Peacock,WHEC,MUSIC,THE VOICE
Peacock,KJRH,TALK,THE KELLY CLARKSON SHOW
Bravo App,USA,REAL,CHRISLEY KNOWS BEST
Peacock,WSVW,MUSIC,THE VOICE
Peacock,WBRE,NEWS,MEET THE PRESS
Peacock,KJJC,NEWS,MEET THE PRESS
Peacock,WTWO,NEWS,MEET THE PRESS
Peacock,MSNBC,NEWS,MORNING JOE
Peacock,WAFF,COM,NIGHT COURT
Peacock,KUSA,COM,NIGHT COURT
Peacock,WXII,TALK,THE TONIGHT SHOW STARRING JIMMY FALLON
Peacock,WICU,MUSIC,THE VOICE
Bravo App,Bravo,REAL,WINTER HOUSE
Peacock,WTVJ,TALK,THE KELLY CLARKSON SHOW
Peacock,KNVN,MUSIC,THE VOICE
nbc.com,NBC,COM,LOPEZ VS LOPEZ
Peacock,WOAI,NEWS,MEET THE PRESS
Peacock,WBGH,MUSIC,THE VOICE
Oxygen App,Bravo,REAL,THE REAL HOUSEWIVES OF POTOMAC
Peacock,KNWA,TALK,THE TONIGHT SHOW STARRING JIMMY FALLON
Oxygen App,Bravo,REAL,TOP CHEF
Peacock,Bravo,REAL,MILLION DOLLAR LISTING LOS ANGELES
Peacock,Peacock,DRAMA,A FRIEND OF THE FAMILY
nbc.com,CNBC,NEWS,AMERICAN GREED
Peacock,KTIV,FAM,RIDE
Peacock,WTMJ,NEWS,MEET THE PRESS
Peacock,KSNF,NEWS,MEET THE PRESS
Peacock,Peacock,SPORT,SUMMERSLAM
Syfy App,NBC,REAL,AMERICA'S GOT TALENT
USA App,Universo,DRAMA,CASO CERRADO
Peacock,KRNV,COM,NIGHT COURT
Peacock,WICU,TALK,THE KELLY CLARKSON SHOW
Peacock,WJHG,COM,NIGHT COURT
Peacock,WNWO,TALK,THE KELLY CLARKSON SHOW
Peacock,KXAS,DRAMA,CHICAGO MED
NBC App,Telemundo,DRAMA,CASO CERRADO
E! App,Bravo,REAL,SUMMER HOUSE
Peacock,WRDE,CRIME,FORENSIC FILES
USA App,NBC,TALK,THE TONIGHT SHOW STARRING JIMMY FALLON
Peacock,WBGH,COM,NIGHT COURT
Peacock,KBJR,COM,NIGHT COURT
Peacock,KECI,NEWS,MEET THE PRESS
NBC App,Bravo,REAL,THE REAL HOUSEWIVES OF NEW JERSEY
Peacock,WSVW,COM,NIGHT COURT
Peacock,WHIZ,TALK,THE TONIGHT SHOW STARRING JIMMY FALLON
NBC App,NBC,DRAMA,LAW & ORDER: SPECIAL VICTIMS UNIT
usanetwork.com,Bravo,REAL,TOP CHEF
bravotv.com,Bravo,REAL,FAMILY KARMA
Peacock,Peacock,DRAMA,DR. DEATH
Peacock,KXAN,MUSIC,THE VOICE
Peacock,WGBA,COM,NIGHT COURT
Peacock,WNBC,TALK,THE KELLY CLARKSON SHOW
Peacock,WBTS,TALK,THE KELLY CLARKSON SHOW
NBC Sports App TVE,Bravo,REAL,VANDERPUMP RULES
Peacock,WEAU,MUSIC,THE VOICE
Peacock,KSBY,TALK,THE KELLY CLARKSON SHOW
Peacock,KNTV,NEWS,MEET THE PRESS
Peacock,WICU,NEWS,MEET THE PRESS
Peacock,WPMI,TALK,THE TONIGHT SHOW STARRING JIMMY FALLON
Syfy App,E!,COM,MODERN FAMILY
NBC App,Bravo,REAL,THE REAL HOUSEWIVES OF NEW YORK CITY
Peacock,WLIO,TALK,THE TONIGHT SHOW STARRING JIMMY FALLON
Oxygen App,Bravo,REAL,THE REAL HOUSEWIVES OF MIAMI
Peacock,KJJC,COM,NIGHT COURT
USA App,Bravo,REAL,BELOW DECK ADVENTURE
Peacock,KYTV,NEWS,MEET THE PRESS
Peacock,KAMR,COM,NIGHT COURT
Peacock,WHO,MUSIC,THE VOICE
Peacock,KOB,TALK,THE TONIGHT SHOW STARRING JIMMY FALLON
Peacock,KTAL,NEWS,MEET THE PRESS
Peacock,USA,DRAMA,PSYCH
Peacock,Bravo,REAL,SOUTHERN CHARM
Peacock,Oxygen,REAL,BURIED IN THE BACKYARD
Peacock,Telemundo,REAL,LA CASA DE LOS FAMOSOS
Peacock,WVNC,TALK,THE KELLY CLARKSON SHOW
Peacock,WLWT,NEWS,MEET THE PRESS
Peacock,KARK,NEWS,MEET THE PRESS
Syfy App,NBC,MUSIC,THE VOICE
Peacock,KTSM,TALK,THE TONIGHT SHOW STARRING JIMMY FALLON
NBC App,Universo,DRAMA,CASO CERRADO
NBC App,NBC,MUSIC,THE VOICE
Peacock,WITN,MUSIC,THE VOICE
Peacock,WGBA,MUSIC,THE VOICE
Bravo App,Bravo,REAL,SUMMER HOUSE: MARTHA'S VINEYARD
Peacock,WTOV,MUSIC,THE VOICE
Peacock,WCSH,MUSIC,THE VOICE
Peacock,KWQC,COM,NIGHT COURT
Peacock,WTWC,TALK,THE TONIGHT SHOW STARRING JIMMY FALLON
Peacock,KECI,TALK,THE TONIGHT SHOW STARRING JIMMY FALLON
Peacock,WBBH,NEWS,MEET THE PRESS
Peacock,KFOR,NEWS,MEET THE PRESS
Peacock,KGET,NEWS,MEET THE PRESS
USA App,Bravo,REAL,THE REAL HOUSEWIVES OF BEVERLY HILLS
Peacock,WVIR,NEWS,MEET THE PRESS
Peacock,WWE NETWORK,SPORT,WRESTLEMANIA
Peacock,Peacock,REAL,THE REAL HOUSEWIVES OF MIAMI
Peacock,WECT,MUSIC,THE VOICE
Peacock,WRC,TALK,THE TONIGHT SHOW STARRING JIMMY FALLON
Peacock,WBIR,COM,NIGHT COURT
Bravo App,Bravo,REAL,BELOW DECK SAILING YACHT
Peacock,WTVJ,TALK,THE TONIGHT SHOW STARRING JIMMY FALLON
Peacock,KTVB,NEWS,MEET THE PRESS
Peacock,WGBA,TALK,THE TONIGHT SHOW STARRING JIMMY FALLON
Peacock,KFDX,COM,NIGHT COURT
nbc.com,Telemundo,DRAMA,HASTA QUE LA PLATA NOS SEPARE
Peacock,KNPG,COM,MODERN FAMILY
NBC Sports App TVE,E!,COM,MODERN FAMILY
Peacock,WSTM,TALK,THE TONIGHT SHOW STARRING JIMMY FALLON
Oxygen App,NBC,DRAMA,CHICAGO MED
Peacock,KETK,NEWS,MEET THE PRESS
Syfy App,MSNBC,NEWS,MORNING JOE
nbc.com,Universo,DRAMA,CASO CERRADO
Peacock,USA,DRAMA,PEARSON
NBC App,NBC,REAL,AMERICA'S GOT TALENT
NBC App,USA,DRAMA,LAW & ORDER: SPECIAL VICTIMS UNIT
Peacock,WTHR,MUSIC,THE VOICE
NBC App,Telemundo,REAL,LA CASA DE LOS FAMOSOS
Peacock,WKYC,TALK,THE TONIGHT SHOW STARRING JIMMY FALLON
Peacock,KVLY,COM,NIGHT COURT
oxygen.com,Oxygen,REAL,AN UNEXPECTED KILLER
Peacock,WLBT,NEWS,MEET THE PRESS
Peacock,WLIO,COM,NIGHT COURT
Peacock,Oxygen,DOC,FAMILY MASSACRE
Peacock,Peacock,DOC,CASEY ANTHONY: WHERE THE TRUTH LIES
Peacock,WWLP,COM,NIGHT COURT
Peacock,WNYT,TALK,THE KELLY CLARKSON SHOW
nbc.com,NBC,COM,THE OFFICE
Peacock,KRNV,MUSIC,THE VOICE
Peacock,KCEN,COM,NIGHT COURT
E! App,Bravo,REAL,SUMMER HOUSE: MARTHA'S VINEYARD
Peacock,KSNF,DRAMA,CHICAGO FIRE
Peacock,Lionsgate,DRAMA,THE CHOSEN
Peacock,NBC,REAL,AMERICA'S GOT TALENT
Peacock,Peacock,COM,SAVED BY THE BELL
NBC App,Bravo,REAL,BELOW DECK
Peacock,KXAS,MUSIC,THE VOICE
Peacock,WGAL,TALK,THE TONIGHT SHOW STARRING JIMMY FALLON
Peacock,WMAQ,COM,NIGHT COURT
Peacock,WRAL,TALK,THE KELLY CLARKSON SHOW
nbc.com,Bravo,REAL,BELOW DECK MEDITERRANEAN
usanetwork.com,Bravo,REAL,THE REAL HOUSEWIVES OF POTOMAC
Peacock,WNBC,COM,NIGHT COURT
Peacock,WTWC,MUSIC,THE VOICE
Peacock,KTVE,COM,NIGHT COURT
nbc.com,MSNBC,NEWS,THE REIDOUT
E! App,Telemundo,DRAMA,LA TORMENTA
Peacock,WPXI,COM,SATURDAY NIGHT LIVE
Peacock,Peacock,COM,KILLING IT
bravotv.com,Bravo,REAL,TOP CHEF
Peacock,Hallmark,DRAMA,"MURDER, SHE WROTE"
Peacock,WMAQ,MUSIC,THE VOICE
Peacock,WVTM,MUSIC,THE VOICE
Peacock,KTEN,MUSIC,THE VOICE
Peacock,KALB,NEWS,MEET THE PRESS
Peacock,WBOY,COM,NIGHT COURT
Peacock,KNPG,TALK,THE KELLY CLARKSON SHOW
syfy.com,Syfy,SCIFI,THE ARK
USA App,MSNBC,NEWS,MORNING JOE
usanetwork.com,Bravo,REAL,BELOW DECK
Peacock,Peacock,REAL,JAIL
E! App,MSNBC,NEWS,ANDREA MITCHELL REPORTS
NBC App,NBC,COM,YOUNG ROCK
bravotv.com,Bravo,REAL,THE REAL HOUSEWIVES OF BEVERLY HILLS
Peacock,WTWO,TALK,THE KELLY CLARKSON SHOW
Peacock,WPMI,COM,NIGHT COURT
Peacock,WEEK,COM,NIGHT COURT
Peacock,KHNL,TALK,THE TONIGHT SHOW STARRING JIMMY FALLON
Peacock,WTVA,NEWS,MEET THE PRESS
Peacock,WPBN,NEWS,MEET THE PRESS
Peacock,KOBI,COM,NIGHT COURT
Syfy App,E!,REAL,BOTCHED
E! App,NBC,DRAMA,LA BREA
Peacock,Peacock,DOC,RAINN WILSON AND THE GEOGRAPHY OF BLISS
Peacock,WFLA,TALK,THE TONIGHT SHOW STARRING JIMMY FALLON
Peacock,WOAI,COM,NIGHT COURT
Peacock,KVOA,COM,NIGHT COURT
NBC App,Bravo,REAL,SUMMER HOUSE
Peacock,KJRH,NEWS,MEET THE PRESS
NBC Sports App TVE,Telemundo,DRAMA,EL SEÑOR DE LOS CIELOS
nbc.com,Bravo,REAL,THE REAL HOUSEWIVES OF MIAMI
Syfy App,Bravo,REAL,SOUTHERN CHARM
Peacock,Bravo,REAL,THE REAL HOUSEWIVES OF NEW JERSEY
Peacock,NBC,DRAMA,HEROES
Peacock,WAND,MUSIC,THE VOICE
Peacock,KCBD,MUSIC,THE VOICE
Peacock,WOWT,COM,NIGHT COURT
Peacock,WALB,DRAMA,LAW & ORDER: SPECIAL VICTIMS UNIT
Peacock,WCBD,COM,NIGHT COURT
Bravo App,Telemundo,DRAMA,EL SEÑOR DE LOS CIELOS
Peacock,WDIV,NEWS,MEET THE PRESS
Peacock,KEYC,MUSIC,THE VOICE
Peacock,WMAQ,NEWS,MEET THE PRESS
NBC App,E!,REAL,CHRISLEY KNOWS BEST
Peacock,Peacock,DRAMA,"MURDER, SHE WROTE"
nbc.com,Bravo,REAL,BELOW DECK ADVENTURE
Peacock,Bravo,REAL,THE REAL HOUSEWIVES OF POTOMAC
Bravo App,Bravo,REAL,THE REAL HOUSEWIVES OF MIAMI
Peacock,KUSA,TALK,THE TONIGHT SHOW STARRING JIMMY FALLON
Peacock,WAGT,COM,NIGHT COURT
Peacock,NBC,REAL,JAIL
Oxygen App,Oxygen,REAL,BURIED IN THE BACKYARD
Oxygen App,Bravo,REAL,SUMMER HOUSE
Peacock,WPTZ,NEWS,MEET THE PRESS
Bravo App,NBC,COM,NIGHT COURT
USA App,E!,REAL,BOTCHED
Oxygen App,Bravo,REAL,THE REAL HOUSEWIVES OF ATLANTA
Oxygen App,USA,DRAMA,CHICAGO FIRE
NBC App,NBC,DRAMA,LAW & ORDER: ORGANIZED CRIME
bravotv.com,Bravo,REAL,BELOW DECK DOWN UNDER
USA App,USA,SPORT,WWE NXT
Bravo App,E!,COM,MODERN FAMILY
Peacock,WRCB,COM,NIGHT COURT
Peacock,WSAZ,COM,NIGHT COURT
Peacock,WRAL,TALK,THE TONIGHT SHOW STARRING JIMMY FALLON
Peacock,WVTM,COM,NIGHT COURT
Peacock,KCRA,NEWS,MEET THE PRESS
Peacock,WTMJ,COM,NIGHT COURT
Peacock,NBC News,NEWS,MEET THE PRESS
Peacock,KTSM,COM,NIGHT COURT
Peacock,WWLP,NEWS,MEET THE PRESS
NBC App,Oxygen,REAL,MURDERED BY MORNING
Peacock,KAMR,NEWS,MEET THE PRESS
Peacock,Disney,COM,NEW GIRL
Peacock,WCAU,NEWS,MEET THE PRESS
Peacock,KSBW,MUSIC,THE VOICE
nbc.com,E!,COM,MODERN FAMILY
Peacock,WEAU,TALK,THE KELLY CLARKSON SHOW
Peacock,KOMU,TALK,THE TONIGHT SHOW STARRING JIMMY FALLON
Bravo App,MSNBC,NEWS,ANDREA MITCHELL REPORTS
Peacock,KTVZ,TALK,THE TONIGHT SHOW STARRING JIMMY FALLON
Peacock,Sony,COM,EVERYBODY HATES CHRIS
Oxygen App,Bravo,REAL,SUMMER HOUSE: MARTHA'S VINEYARD
Peacock,E!,REAL,KEEPING UP WITH THE KARDASHIANS
Peacock,REELZ,REAL,ON PATROL: FIRST SHIFT
Peacock,WLWT,MUSIC,THE VOICE
Peacock,WKTV,MUSIC,THE VOICE
Peacock,KFOR,COM,NIGHT COURT
Peacock,WNDU,MUSIC,THE VOICE
usanetwork.com,MSNBC,NEWS,THE REIDOUT
Peacock,WCSH,NEWS,MEET THE PRESS
nbc.com,Bravo,REAL,SOUTHERN CHARM
NBC App,NBC News,NEWS,NBC NEWS NOW
Peacock,WWBT,TALK,THE TONIGHT SHOW STARRING JIMMY FALLON
Peacock,KCEN,TALK,THE TONIGHT SHOW STARRING JIMMY FALLON
NBC App,Syfy,SCIFI,RESIDENT ALIEN
NBC App,Bravo,REAL,BELOW DECK MEDITERRANEAN
Peacock,KNPG,TALK,THE TONIGHT SHOW STARRING JIMMY FALLON
Peacock,WLIO,MUSIC,THE VOICE
Peacock,KVLY,TALK,THE KELLY CLARKSON SHOW
Peacock,WVLA,TALK,THE TONIGHT SHOW STARRING JIMMY FALLON
Peacock,WBGH,TALK,THE TONIGHT SHOW STARRING JIMMY FALLON
Bravo App,Syfy,DRAMA,CHUCKY
nbc.com,Bravo,REAL,BELOW DECK SAILING YACHT
Bravo App,Bravo,REAL,VANDERPUMP RULES
Bravo App,Bravo,REAL,THE REAL HOUSEWIVES OF BEVERLY HILLS
bravotv.com,Bravo,REAL,THE REAL HOUSEWIVES OF ORANGE COUNTY
Peacock,KVLY,MUSIC,THE VOICE
Peacock,WLUC,MUSIC,THE VOICE
Peacock,WPTV,MUSIC,THE VOICE
Peacock,KAMR,TALK,THE KELLY CLARKSON SHOW
USA App,Bravo,REAL,THE REAL HOUSEWIVES OF MIAMI
Peacock,KPNX,NEWS,MEET THE PRESS
Syfy App,Bravo,REAL,VANDERPUMP RULES
NBC Sports App TVE,Telemundo,DRAMA,CASO CERRADO
NBC Sports App TVE,USA,SPORT,WWE NXT
