PRODUCT,PROGRAMMING,SPORT,LEAGUE,SHOW_TITLE
Peacock,PROFESSIONAL,Soccer,Premier League,LOWE DOWN: PREMIER LEAGUE FAN FEST PREVIEW
NBC Sports App TVE,PROFESSIONAL,Soccer,Premier League,WONDERKID WATCH: ALL HIGHLIGHTS FROM MATCHWEEK 26
Peacock,PROFESSIONAL,Soccer,Premier League,EXTENDED HLS: ARSENAL V. NEWCASTLE MATCHWEEK 26
Peacock,COLLEGE,Football,NCAA-BIG10,INDIANA VS. MICHIGAN - 2024-03-18
Peacock,PROFESSIONAL,Soccer,Premier League,GUSTO IS GOING TO BE A 'FUTURE STAR' AT CHELSEA
NBC Sports App TVE,PROFESSIONAL,Basketball,NBA,LOS ANGELES CLIPPERS AT CHICAGO BULLS
Peacock,PROFESSIONAL,Soccer,Premier League,ARSENAL V. MAN UNITED (ESPAÑOL)
NBC App,PROFESSIONAL,Basketball,NBA,THE HUMAN DART
Peacock,PROFESSIONAL,Soccer,Premier League,PL REWIND
Peacock,PROFESSIONAL,Soccer,Premier League,FULHAM V. BRIGHTON
Peacock,COLLEGE,Football,NCAA-BIG10,MINNESOTA VS. MICHIGAN - 2024-03-19
Bravo App,PROFESSIONAL,Golf,PGA,FINAL ROUND
Peacock,COLLEGE,Football,NCAA-BIG10,MAINE VS. MINNESOTA - 2024-03-18
NBC App,PROFESSIONAL,Golf,Ladies European Tour,"ARAMCO TEAM SERIES - TAMPA, SECOND ROUND"
Peacock,PROFESSIONAL,Soccer,Premier League,CHELSEA GREEN ELIMINATED IN FIVE SECONDS!
Peacock,PROFESSIONAL,Soccer,Premier League,POPE'S FIRST-PERSON POV OF NEWCASTLE GK TRAINING
NBC App,PROFESSIONAL,Basketball,NBA,LOS ANGELES LAKERS VS. SACRAMENTO KINGS
Peacock,PROFESSIONAL,Soccer,Premier League,EXTENDED HLS: CRYSTAL PALACE V. LUTON TOWN MWK 28
Peacock,PROFESSIONAL,Soccer,Premier League,PL UPDATE: NEWCASTLE TOPPLE ASTON VILLA
Peacock,COLLEGE,Football,NCAA-BIG10,OHIO STATE VS. WISCONSIN - 2024-03-19
NBC Sports App TVE,PROFESSIONAL,Basketball,NBA,HOUSTON ROCKETS VS. SACRAMENTO KINGS
Peacock,PROFESSIONAL,Soccer,Premier League,SERGIO AGUERO
Peacock,PROFESSIONAL,Soccer,Premier League,FULHAM V. LEEDS UNITED HIGHLIGHTS
usanetwork.com,PROFESSIONAL,Golf,Ladies European Tour,"ARAMCO TEAM SERIES - TAMPA, SECOND ROUND"
NBC App,PROFESSIONAL,Basketball,NBA,PHILADELPHIA 76ERS AT MILWAUKEE BUCKS
Peacock,PROFESSIONAL,Soccer,Premier League,CASH EXPLAINS HOW EMERY APPROACHES TRAINING
NBC Sports App TVE,PROFESSIONAL,Basketball,NBA,SACRAMENTO KINGS AT CHARLOTTE HORNETS
NBC Sports App TVE,PROFESSIONAL,Golf,PGA,"PUERTO RICO OPEN, THIRD ROUND"
NBC App,PROFESSIONAL,Basketball,NBA,DUBS TALK LIVE
Peacock,PROFESSIONAL,Soccer,Premier League,"PL RAW: LIVERPOOL, MAN CITY KEEP TITLE HOPES ALIVE"
Peacock,COLLEGE,Football,NCAA-BIG10,MICHIGAN VS. OHIO STATE - 2024-03-19
Peacock,PROFESSIONAL,Soccer,Premier League,ARSENAL V. NEWCASTLE
Peacock,PROFESSIONAL,Soccer,Premier League,MAN UNITED V. CHELSEA
Peacock,PROFESSIONAL,Soccer,Premier League,MEN IN BLAZERS ANNUAL JOHN OLIVER MID-SEASON REVIEW
Peacock,PROFESSIONAL,Soccer,Premier League,PL UPDATE: BURNLEY 'LET DOWN' BY VAR V. LUTON TOWN
Peacock,PROFESSIONAL,Soccer,Premier League,DANIEL LEVY
Peacock,PROFESSIONAL,Soccer,Premier League,EXTENDED HLS: FULHAM V. WOLVES MATCHWEEK 13
NBC App,PROFESSIONAL,Soccer,Premier League,PL UPDATE: FULHAM SHOCK TOTTENHAM
Peacock,PROFESSIONAL,Soccer,Premier League,EVERY TOUCH: GARNACHO SETS UP BOTH MAN UTD GOALS
Peacock,PROFESSIONAL,Soccer,Premier League,PL UPDATE: ASTON VILLA OUTWIT ARSENAL
NBC Sports App TVE,PROFESSIONAL,Ice Hockey,NHL,PHILADELPHIA FLYERS AT BOSTON BRUINS
NBC Sports App TVE,PROFESSIONAL,Ice Hockey,NHL,FLYERS POSTGAME LIVE
NBC App,PROFESSIONAL,Golf,PGA,ARNOLD PALMER INVITATIONAL - RD 2
Peacock,PROFESSIONAL,Soccer,Premier League,MITOMA'S DAZZLING RUN GIVES BRIGHTON LEAD WOLVES
Peacock,COLLEGE,Football,NCAA-BIG10,TENNESSEE VS. WISCONSIN - 2024-03-18
Peacock,PROFESSIONAL,Soccer,Premier League,BRIGHTON V. LUTON TOWN HIGHLIGHTS
Peacock,PROFESSIONAL,Soccer,Premier League,EXTENDED HLS: BRENTFORD V. ASTON VILLA MWK 17
Peacock,PROFESSIONAL,Soccer,Premier League,JENNA BUSH HAGER ON THE POWER OF READING
Peacock,COLLEGE,Football,NCAA-BIG10,AUGUSTANA VS. NOTRE DAME - 2024-03-18
Peacock,PROFESSIONAL,Soccer,Premier League,EXTENDED HLS: LIVERPOOL V. MAN CITY MATCHWEEK 28
Peacock,PROFESSIONAL,Soccer,Premier League,"EVERY TOUCH: GUSTO POCKETS DOKU, MANCHESTER CITY"
Peacock,PROFESSIONAL,Basketball,NBA,IS CLARK'S SHIFT TO WNBA A 'MOMENT OR A MOVEMENT'?
Peacock,PROFESSIONAL,Soccer,Premier League,BEST OF THE 2022-23 PREMIER LEAGUE SEASON
Peacock,PROFESSIONAL,Basketball,NBA,ZION IS THE 'MARQUEE NAME' NBA DUNK CONTEST NEEDS
Peacock,PROFESSIONAL,Soccer,Premier League,ARSENAL V. MAN CITY
Peacock,PROFESSIONAL,Soccer,Premier League,EXTENDED HLS: ASTON VILLA V. NEWCASTLE MWK 22
Peacock,PROFESSIONAL,Soccer,Premier League,PL UPDATE: MAN UNITED STORM BACK V. ASTON VILLA
Peacock,COLLEGE,Football,NCAA-BIG10,MINNESOTA VS. NOTRE DAME - 2024-03-19
NBC Sports App TVE,PROFESSIONAL,Basketball,NBA,CHICAGO BULLS VS. GOLDEN STATE WARRIORS
Peacock,PROFESSIONAL,Soccer,Premier League,ANGE POSTECOGLOU AND KEVIN DE BRUYNE SPECIAL
Peacock,PROFESSIONAL,Soccer,Premier League,RECAPPING THE 2023 PREMIER LEAGUE SUMMER SERIES
Peacock,PROFESSIONAL,Soccer,Premier League,GAME MODE: ARSENAL V. MAN CITY
Peacock,PROFESSIONAL,Soccer,Premier League,HOWE HAS EARNED PREMIER LEAGUE MANAGER OF THE YEAR
Peacock,PROFESSIONAL,Soccer,Premier League,JOHN OLIVER END OF SEASON SPECIAL
usanetwork.com,PROFESSIONAL,Ice Hockey,NHL,NBC NEWS DAILY WITH KATE SNOW AND ZINHLE ESSAMUAH
Peacock,PROFESSIONAL,Soccer,Premier League,PL REVIEW: 3.17.24
Peacock,PROFESSIONAL,Soccer,Premier League,WE GO AGAIN
Peacock,PROFESSIONAL,Basketball,NBA,"POPULAR MATHEMATICS: THE PENGUIN, SIX PINTS OF GUINNESS, THE BOSTON CELTICS MASCOT"
usanetwork.com,PROFESSIONAL,Basketball,NBA,CELTICS VS PISTONS
Peacock,PROFESSIONAL,Soccer,Premier League,SHOTZI BATTLES CHELSEA GREEN
Peacock,PROFESSIONAL,Golf,PGA,THE PLAYERS: ROUND 2
Peacock,PROFESSIONAL,Soccer,Premier League,TONEY SHOWCASED 'PASSION' IN RETURN FOR BRENTFORD
Peacock,PROFESSIONAL,Baseball,MLB,CONTINÚA LA ACCIÓN DE LA MLB CON EL JUEGO 6
Peacock,COLLEGE,Football,NCAA-BIG10,IOWA VS. MICHIGAN STATE - 2024-03-17
Peacock,PROFESSIONAL,Soccer,Premier League,GOALS GALORE WHEN LIVERPOOL VISIT NEWCASTLE?
Peacock,PROFESSIONAL,Soccer,Premier League,CHELSEA 'HAVE GONE BACKWARDS' UNDER POCHETTINO
Peacock,PROFESSIONAL,Soccer,Premier League,PREMIER LEAGUE: EVERY GOAL FROM MATCHWEEK 13
Peacock,PROFESSIONAL,Soccer,Premier League,CHELSEA V. LIVERPOOL (ESPAÑOL)
NBC Sports App TVE,PROFESSIONAL,Basketball,NBA,CELTICS POSTGAME PLUS
Peacock,PROFESSIONAL,Soccer,Premier League,EVERY TOUCH BY WERNER IN SPURS DEBUT V. MAN UNITED
Peacock,COLLEGE,Football,NCAA-BIG10,MICHIGAN STATE VS. NOTRE DAME - 2024-03-18
NBC App,PROFESSIONAL,Golf,PGA,PGA TOUR: THE CUT
Peacock,PROFESSIONAL,Soccer,Premier League,WEST HAM UNITED V. BRIGHTON HIGHLIGHTS
NBC Sports App TVE,PROFESSIONAL,Basketball,NBA,SAN ANTONIO SPURS VS. GOLDEN STATE WARRIORS
Peacock,PROFESSIONAL,Soccer,Premier League,EXTENDED HLS: WOLVES V. CHELSEA MATCHWEEK 18
Peacock,COLLEGE,Football,NCAA-NOTRE DAME,HANDING OUT NOTRE DAME MIDSEASON AWARDS
NBC Sports App TVE,PROFESSIONAL,Basketball,NBA,NEW ORLEANS PELICANS AT PHILADELPHIA 76ERS
Peacock,PROFESSIONAL,Soccer,Premier League,CHELSEA CELEBRATE PREMIER LEAGUE SUMMER SERIES WIN
nbc.com,PROFESSIONAL,Basketball,NBA,NEW YORK KNICKS VS. GOLDEN STATE WARRIORS
Peacock,COLLEGE,Football,NCAA-BIG10,IOWA VS. MICHIGAN STATE - 2024-03-19
NBC Sports App TVE,PROFESSIONAL,Ice Hockey,NHL,SAN JOSE SHARKS AT PHILADELPHIA FLYERS
Peacock,PROFESSIONAL,Soccer,Premier League,EVERY TOUCH: MAC ALLISTER CREATES LIVERPOOL WINNER
nbc.com,PROFESSIONAL,Golf,Ladies European Tour,"ARAMCO TEAM SERIES - TAMPA, FINAL ROUND"
Peacock,PROFESSIONAL,Golf,PGA,"HIGHLIGHTS: THE PLAYERS CHAMPIONSHIP, ROUND 1"
Peacock,PROFESSIONAL,Soccer,Premier League,MANCHESTER UNITED LOOKED 'FLAT' AGAINST TOTTENHAM
Peacock,PROFESSIONAL,Golf,PGA,MY U.S. OPEN: GEOFF OGILVY
NBC Sports App TVE,PROFESSIONAL,Basketball,NBA,PHILADELPHIA 76ERS AT BROOKLYN NETS
USA App,PROFESSIONAL,Soccer,Premier League,MAN UNITED V. EVERTON
nbc.com,PROFESSIONAL,Basketball,NBA,CHICAGO BULLS PREGAME LIVE
Peacock,PROFESSIONAL,Soccer,Premier League,CHELSEA V. BRIGHTON HIGHLIGHTS
USA App,PROFESSIONAL,Golf,PGA,JONSSON WORKWEAR OPEN - RD 1
NBC Sports App TVE,COLLEGE,Football,NCAA-NOTRE DAME,PITTSBURGH VS. NOTRE DAME
Peacock,PROFESSIONAL,Soccer,Premier League,EXTENDED HLS: BRENTFORD V. MAN CITY MATCHWEEK 23
Peacock,PROFESSIONAL,Soccer,Premier League,EVERY TOUCH BY BRADLEY IN REDS' WIN V. BOURNEMOUTH
Peacock,PROFESSIONAL,Soccer,Premier League,MORNING NEWS NOW C 3.18.24
Peacock,COLLEGE,Football,NCAA-BIG10,INDIANA VS. WISCONSIN - 2024-03-19
Peacock,PROFESSIONAL,Soccer,Premier League,TOTTENHAM V. CRYSTAL PALACE
NBC Sports App TVE,PROFESSIONAL,Basketball,NBA,CELTICS AT JAZZ
Peacock,PROFESSIONAL,Soccer,Premier League,"MATT TURNER, ANTONEE ROBINSON, BILL FOLEY"
Peacock,PROFESSIONAL,Soccer,Premier League,REAM DETAILS RECOVERY FROM INJURY AHEAD OF SEASON
Peacock,PROFESSIONAL,Soccer,Premier League,ARSENAL WIN 'DEFINING' MATCH AGAINST LIVERPOOL
Peacock,PROFESSIONAL,Soccer,Premier League,FULHAM V. LEICESTER CITY HIGHLIGHTS
NBC Sports App TVE,PROFESSIONAL,Soccer,Premier League,EXTENDED HLS: MAN CITY V. BRENTFORD MATCHWEEK 25
Peacock,COLLEGE,Football,NCAA-BIG10,MICHIGAN VS. PURDUE - 2024-03-19
Peacock,PROFESSIONAL,Soccer,Premier League,EXTENDED HLS: FOREST V. TOTTENHAM MATCHWEEK 17
Peacock,COLLEGE,Football,NCAA-BIG10,IOWA VS. PURDUE - 2024-03-19
Peacock,PROFESSIONAL,Soccer,Premier League,TEN HAG AND MAN UNITED PLAYERS HAVE 'NO TRUST'
Peacock,PROFESSIONAL,Golf,PGA,MEMORABLE MOMENTS FROM THE PLAYERS CHAMPIONSHIP
Peacock,PROFESSIONAL,Golf,PGA,USGA FILMS: S1 E11
NBC Sports App TVE,PROFESSIONAL,Ice Hockey,NHL,KINGS POSTGAME LIVE
USA App,PROFESSIONAL,Soccer,Premier League,-
Peacock,PROFESSIONAL,Baseball,MLB,PARENTS BUYING HOMES FOR THEIR CHILDREN AS AFFORDABILITY PLUMMETS
Peacock,PROFESSIONAL,Soccer,Premier League,BOWEN'S HAT-TRICK FOR WEST HAM AGAINST BRENTFORD
Peacock,PROFESSIONAL,Soccer,Premier League,PL AND ATLANTA UNITED
Peacock,PROFESSIONAL,Golf,PGA,1995 U.S. OPEN FILM: COREY PAVIN
NBC Sports App TVE,PROFESSIONAL,Basketball,NBA,MIAMI HEAT AT PHILADELPHIA 76ERS
Peacock,COLLEGE,Football,NCAA-BIG10,INDIANA VS. WISCONSIN - 2024-03-18
USA App,PROFESSIONAL,Soccer,Premier League,BRENTFORD V. LIVERPOOL
Peacock,COLLEGE,Football,NCAA-BIG10,MAINE VS. MINNESOTA - 2024-03-19
Peacock,PROFESSIONAL,Soccer,Premier League,FULHAM V. TOTTENHAM
Peacock,PROFESSIONAL,Soccer,Premier League,PL UPDATE: ARSENAL OUTGUN BLADES IN 6-0 ROUT
Peacock,PROFESSIONAL,Soccer,Premier League,LIVERPOOL V. MAN CITY
Peacock,PROFESSIONAL,Golf,PGA,FUZZY ZOELLER
Peacock,PROFESSIONAL,Soccer,Premier League,PL UPDATE: FODEN'S MAGIC TOO MUCH FOR MAN UNITED
Peacock,PROFESSIONAL,Golf,PGA,PGA TOUR POLICY BOARD COULD MEET SAUDI INVESTORS
Peacock,PROFESSIONAL,Soccer,Premier League,EVERY TOUCH: HAVERTZ PUNISHES BLADES IN 6-0 WIN
Peacock,PROFESSIONAL,Soccer,Premier League,EXTENDED HLS: WOLVES V. BRENTFORD MATCHWEEK 24
Peacock,PROFESSIONAL,Soccer,Premier League,NETBUSTERS: 2.19.24
Peacock,PROFESSIONAL,Soccer,Premier League,EVERY TOUCH BY MILEY IN NEWCASTLE'S WIN V. FULHAM
NBC Sports App TVE,PROFESSIONAL,Soccer,Premier League,FOFANA DOUBLES BURNLEY'S LEAD OVER BRENTFORD
Peacock,PROFESSIONAL,Soccer,Premier League,ASTON VILLA V. TOTTENHAM
nbc.com,PROFESSIONAL,Ice Hockey,NHL,NBC NEWS DAILY WITH KATE SNOW AND ZINHLE ESSAMUAH
Peacock,COLLEGE,Football,NCAA-BIG10,IOWA VS. OHIO STATE - 2024-03-18
Peacock,PROFESSIONAL,Soccer,Premier League,EXTENDED HLS: FULHAM V. ASTON VILLA MATCHWEEK 25
Peacock,PROFESSIONAL,Soccer,Premier League,MEN IN BLAZERS SEASON EIGHT PREMIERE WITH RAFA BENÍTEZ
Peacock,PROFESSIONAL,Golf,PGA,MY U.S. OPEN: S1 E7
Peacock,PROFESSIONAL,Soccer,Premier League,ASTON VILLA V. BOURNEMOUTH HIGHLIGHTS
NBC App,PROFESSIONAL,Soccer,Premier League,VILLA WASTE OPPORTUNITY IN DRAW WITH WEST HAM
Peacock,PROFESSIONAL,Soccer,Premier League,EXTENDED HLS: WEST HAM V. ARSENAL MATCHWEEK 24
Peacock,PROFESSIONAL,Soccer,Premier League,CHELSEA GREEN & PIPER NIVEN DEFEND THEIR TITLES
Peacock,PROFESSIONAL,Golf,PGA,2017 U.S. OPEN FILM: GOLF'S NEWEST STAR
Peacock,COLLEGE,Football,NCAA-BIG10,OHIO STATE VS. MICHIGAN STATE - 2024-03-19
nbc.com,PROFESSIONAL,Ice Hockey,NHL,SAN JOSE SHARKS VS. CHICAGO BLACKHAWKS
Peacock,PROFESSIONAL,Soccer,Premier League,"TOP GOALS, SKILLS AND SAVES: MATCHWEEK 7 (2023-24)"
Peacock,PROFESSIONAL,Soccer,Premier League,SPECIAL GUESTS PETER DRURY & THE LUMINEERS JEREMIAH FRAITES
usanetwork.com,PROFESSIONAL,Golf,LPGA,"ARAMCO TEAM SERIES - TAMPA, SECOND ROUND"
USA App,PROFESSIONAL,Golf,LPGA,"ARAMCO TEAM SERIES - TAMPA, FINAL ROUND"
Peacock,PROFESSIONAL,Soccer,Premier League,EXTENDED HLS: CHELSEA V. NEWCASTLE MATCHWEEK 28
Peacock,PROFESSIONAL,Soccer,Premier League,BRIGHTON V. NOTT'M FOREST
Peacock,PROFESSIONAL,Soccer,Premier League,EXTENDED HLS: NEWCASTLE V. WOLVES MATCHWEEK 27
Peacock,PROFESSIONAL,Soccer,Premier League,NETBUSTERS: 12.28.23
Peacock,PROFESSIONAL,Soccer,Premier League,HOWE REFLECTS ON 'STRANGE GAME' AGAINST CHELSEA
Peacock,PROFESSIONAL,Soccer,Premier League,EVERY TOUCH BY FODEN IN 3-1 WIN V. BRENTFORD
Peacock,PROFESSIONAL,Soccer,Premier League,"POPE, BURN & MUSTOE MEET BARCLAYS GOAL-E MEMBERS"
NBC App,PROFESSIONAL,Basketball,NBA,PORTLAND TRAIL BLAZERS AT CHICAGO BULLS
USA App,PROFESSIONAL,Soccer,Premier League,FERNANDES VOLLEYS MAN UNITED IN FRONT OF BURNLEY
NBC Sports App TVE,PROFESSIONAL,Basketball,NBA,DALLAS MAVERICKS AT CHICAGO BULLS
NBC Sports App TVE,PROFESSIONAL,Soccer,Premier League,WEST HAM V. BRENTFORD
Peacock,PROFESSIONAL,Soccer,Premier League,PL RAW: DOMINANT LIVERPOOL DENIED BY MAN UNITED
Peacock,COLLEGE,Football,NCAA-BIG10,MARYLAND VS. WISCONSIN - 2024-03-17
NBC Sports App TVE,PROFESSIONAL,Soccer,Premier League,BRUUN LARSEN PUTS BURNLEY IN FRONT OF BRENTFORD
Peacock,PROFESSIONAL,Soccer,Premier League,EXTENDED HLS: WOLVES V. SHEFFIELD UNITED MWK 26
Peacock,PROFESSIONAL,Soccer,Premier League,USMNT WATCH: ALL HIGHLIGHTS FROM MATCHWEEK 23
Peacock,PROFESSIONAL,Soccer,Premier League,LOWE DOWN: LIVERPOOL ARE PREMIER LEAGUE FAVORITES
NBC Sports App TVE,PROFESSIONAL,Basketball,NBA,GOLDEN STATE WARRIORS AT DALLAS MAVERICKS
Peacock,PROFESSIONAL,Golf,PGA,COREY PAVIN
Peacock,PROFESSIONAL,Soccer,Premier League,AJER GIVES BRENTFORD LIFELINE AGAINST FULHAM
Peacock,PROFESSIONAL,Soccer,Premier League,LIVERPOOL'S CARABAO CUP WIN 'A MASSIVE STATEMENT'
Peacock,PROFESSIONAL,Golf,PGA,"PGA TOUR ADVANCING NEGOTIATIONS WITH SSG, PIF"
Peacock,PROFESSIONAL,Soccer,Premier League,"PL UPDATE: MAN CITY, LIVERPOOL BATTLE TO DRAW"
nbc.com,PROFESSIONAL,Golf,PGA,GOLF TODAY
Peacock,PROFESSIONAL,Soccer,Premier League,POCHETTINO: CHELSEA 'NEED TO KEEP PUSHING'
NBC Sports App TVE,PROFESSIONAL,Golf,PGA,THE PLAYERS CHAMPIONSHIP
NBC App,PROFESSIONAL,Golf,PGA,"PUERTO RICO OPEN, FINAL ROUND"
Peacock,PROFESSIONAL,Soccer,Premier League,PL REVIEW: 11.6.23
Peacock,COLLEGE,Football,NCAA-BIG10,MOREHEAD STATE VS. PENN STATE - 2024-03-18
Peacock,PROFESSIONAL,Ice Hockey,NHL,ASSAULT CHARGES AGAINST BOSTON BRUINS' MILAN LUCIC DROPPED
NBC Sports App TVE,PROFESSIONAL,Soccer,Premier League,LOWE DOWN: PREMIER LEAGUE FAN FEST PREVIEW
Peacock,PROFESSIONAL,Soccer,Premier League,WEST HAM V. BURNLEY
Peacock,PROFESSIONAL,Soccer,Premier League,PL UPDATE: MANCHESTER CITY EDGE PAST BRENTFORD
NBC Sports App TVE,PROFESSIONAL,Ice Hockey,NHL,DALLAS STARS VS. SAN JOSE SHARKS
Peacock,COLLEGE,Football,NCAA-BIG10,MICHIGAN VS. MICHIGAN STATE - 2024-03-19
Peacock,PROFESSIONAL,Soccer,Premier League,PREMIER LEAGUE: EVERY GOAL FROM MATCHWEEK 15
Peacock,COLLEGE,Football,NCAA-BIG10,WISCONSIN VS. INDIANA - 2024-03-18
Peacock,PROFESSIONAL,Golf,PGA,TIGER AND ROCCO
Peacock,PROFESSIONAL,Soccer,Premier League,EXTENDED HLS: BURNLEY V. LIVERPOOL MATCHWEEK 19
Peacock,PROFESSIONAL,Baseball,MLB,NEW MLB RULES SPARKING SOME CONTROVERSY AT SPRING TRAINING
Peacock,PROFESSIONAL,Soccer,Premier League,EXTENDED HLS: ASTON VILLA V. SHEFFIELD UTD MWK 18
Peacock,PROFESSIONAL,Golf,PGA,THE PLAYERS: ROUND 1
Peacock,COLLEGE,Football,NCAA-BIG10,UNITED STATES VS. GHANA (ESPAÑOL) - 2024-03-19
nbc.com,PROFESSIONAL,Baseball,MLB,TORONTO BLUE JAYS AT PHILADELPHIA PHILLIES
Peacock,PROFESSIONAL,Basketball,NBA,ARENAS: NBA SHOULD 'LEAVE THE GAME THE WAY IT IS'
Peacock,PROFESSIONAL,Soccer,Premier League,PORTUGAL'S PREMIER LEAGUE PEDIGREE
Peacock,COLLEGE,Football,NCAA-BIG10,TEXAS A&M VS. OHIO STATE - 2024-03-18
Peacock,PROFESSIONAL,Soccer,Premier League,"EXTENDED HLS: BURNLEY 2, BRENTFORD 1"
Peacock,PROFESSIONAL,Soccer,Premier League,MAURICIO POCHETTINO SPECIAL
NBC Sports App TVE,PROFESSIONAL,Basketball,NBA,DENVER NUGGETS VS. GOLDEN STATE WARRIORS
Peacock,PROFESSIONAL,Soccer,Premier League,RAQUEL RODRIGUEZ DISMANTLES CHELSEA GREEN
NBC App,PROFESSIONAL,Basketball,NBA,SWIMMING WITH SOCKS
NBC App,PROFESSIONAL,Basketball,NBA,MILWAUKEE BUCKS VS. SACRAMENTO KINGS
Peacock,PROFESSIONAL,Golf,PGA,TOM WATSON
Peacock,PROFESSIONAL,Soccer,Premier League,EXTENDED HLS: EVERTON V. ASTON VILLA MATCHWEEK 21
Peacock,PROFESSIONAL,Soccer,Premier League,STEVEN REID
Peacock,COLLEGE,Football,NCAA-BIG10,UTSA VS. MINNESOTA - 2024-03-19
NBC Sports App TVE,PROFESSIONAL,Basketball,NBA,MIAMI HEAT VS. GOLDEN STATE WARRIORS
NBC Sports App TVE,PROFESSIONAL,Soccer,Premier League,VILLA WASTE OPPORTUNITY IN DRAW WITH WEST HAM
usanetwork.com,COLLEGE,Football,NCAA-BIG10,LA SALLE VS. ST. BONAVENTURE - 2024-03-20
Peacock,PROFESSIONAL,Soccer,Premier League,LEICESTER V. BOURNEMOUTH HIGHLIGHTS
Peacock,COLLEGE,Football,NCAA-BIG10,LE MOYNE VS. PENN STATE - 2024-03-19
Peacock,PROFESSIONAL,Soccer,Premier League,NETBUSTERS: 8.21.23
Peacock,PROFESSIONAL,Soccer,Premier League,EXTENDED HLS: LIVERPOOL V. BURNLEY MATCHWEEK 24
NBC Sports App TVE,PROFESSIONAL,Basketball,NBA,SAN ANTONIO SPURS AT PHILADELPHIA 76ERS
Peacock,PROFESSIONAL,Soccer,Premier League,PL UPDATE: SALAH LEADS LIVERPOOL PAST NEWCASTLE
Peacock,PROFESSIONAL,Soccer,Premier League,CHELSEA V. LIVERPOOL
Peacock,COLLEGE,Football,NCAA-BIG10,AUGUSTANA VS. NOTRE DAME - 2024-03-19
Peacock,PROFESSIONAL,Soccer,Premier League,ROY HODGSON SPECIAL
Peacock,COLLEGE,Football,NCAA-BIG10,INDIANA VS. PURDUE - 2024-03-18
NBC Sports App TVE,PROFESSIONAL,Basketball,NBA,DALLAS MAVERICKS VS. CHICAGO BULLS
Peacock,PROFESSIONAL,Soccer,Premier League,ARSENAL V. MAN CITY (ESPAÑOL)
USA App,PROFESSIONAL,Soccer,Premier League,LIVERPOOL VS. MANCHESTER CITY
NBC Sports App TVE,PROFESSIONAL,Golf,PGA,"2023 TRAVELERS CHAMPIONSHIP, FINAL ROUND"
Peacock,PROFESSIONAL,Soccer,Premier League,FULHAM V. CRYSTAL PALACE HIGHLIGHTS
Peacock,PROFESSIONAL,Soccer,Premier League,EXTENDED HLS: FULHAM V. TOTTENHAM MATCHWEEK 29
Peacock,PROFESSIONAL,Soccer,Premier League,PREMIER LEAGUE: EVERY GOAL FROM MATCHWEEK 27
Peacock,PROFESSIONAL,Soccer,Premier League,EXTENDED HLS: NEWCASTLE V. BOURNEMOUTH MWK 25
Peacock,PROFESSIONAL,Soccer,Premier League,RAFA BENITEZ
NBC Sports App TVE,PROFESSIONAL,Golf,PGA,THE PLAYERS CHAMPIONSHIP - RD 2
Peacock,PROFESSIONAL,Soccer,Premier League,PETER SCHMEICHEL
Peacock,PROFESSIONAL,Soccer,Premier League,EXTENDED HLS: MAN CITY V. EVERTON MATCHWEEK 24
Peacock,PROFESSIONAL,Soccer,Premier League,EXTENDED HLS: ARSENAL V. LIVERPOOL MATCHWEEK 23
Peacock,COLLEGE,Football,NCAA-BIG10,JACKSON STATE VS. NORTHWESTERN - 2024-03-18
Peacock,PROFESSIONAL,Soccer,Premier League,NOTTINGHAM FOREST SPECIAL
NBC App,PROFESSIONAL,Basketball,NBA,CELTICS POSTGAME LIVE
NBC Sports App TVE,PROFESSIONAL,Soccer,Premier League,CRYSTAL PALACE V. CHELSEA
NBC Sports App TVE,PROFESSIONAL,Basketball,NBA,OKLAHOMA CITY THUNDER VS. GOLDEN STATE WARRIORS
nbc.com,PROFESSIONAL,Basketball,NBA,WARRIORS POSTGAME
NBC App,COLLEGE,Football,NCAA-BIG10,WISCONSIN NEEDS TO CONTROL POSSESSION VS. LSU - 2024-03-19
Peacock,PROFESSIONAL,Soccer,Premier League,ONE AND ONLY
NBC Sports App TVE,PROFESSIONAL,Basketball,NBA,NEW YORK KNICKS VS. GOLDEN STATE WARRIORS
Peacock,PROFESSIONAL,Soccer,Premier League,POSTECOGLOU: SPURS 'LACKED CONVICTION' V. FULHAM
Peacock,PROFESSIONAL,Golf,PGA,RECKONING IS COMING FOR PGA TOUR STRUCTURE
Peacock,PROFESSIONAL,Golf,PGA,A U.S. OPEN DECADE: 1980S
Peacock,PROFESSIONAL,Soccer,Premier League,NETBUSTERS: 11.6.23
NBC Sports App TVE,PROFESSIONAL,Soccer,Premier League,"PL UPDATE: LIVERPOOL, MAN CITY DAZZLE IN DRAW"
USA App,COLLEGE,Football,NCAA-BIG10,SAINT JOSEPH'S VS. GEORGE MASON - 2024-03-19
usanetwork.com,PROFESSIONAL,Basketball,NBA,PORTLAND TRAILBLAZERS VS. CHICAGO BULLS
Peacock,COLLEGE,Football,NCAA-BIG10,IOWA VS. MICHIGAN STATE - 2024-03-18
Peacock,PROFESSIONAL,Soccer,Premier League,EXTENDED HLS: TOTTENHAM V. CRYSTAL PALACE MWK 27
Peacock,COLLEGE,Football,NCAA-BIG10,MICHIGAN VS. ILLINOIS - 2024-03-19
Peacock,PROFESSIONAL,Soccer,Premier League,EXAMINING THE CHAMPIONS LEAGUE QUALIFICATION RACE
Peacock,PROFESSIONAL,Soccer,Premier League,EVERY TOUCH: HAVERTZ SHINES AGAIN IN NEW ROUT
Peacock,PROFESSIONAL,Soccer,Premier League,KELLEHER WAS 'TREMENDOUS' FOR LIVERPOOL V. CHELSEA
NBC Sports App TVE,PROFESSIONAL,Basketball,NBA,LOS ANGELES CLIPPERS VS. GOLDEN STATE WARRIORS
NBC Sports App TVE,PROFESSIONAL,Ice Hockey,NHL,LOS ANGELES KINGS VS. CHICAGO BLACKHAWKS
Peacock,PROFESSIONAL,Soccer,Premier League,PL REVIEW: 2.26.24
Peacock,PROFESSIONAL,Soccer,Premier League,TOTTENHAM V. MAN UNITED (ESPAÑOL)
Peacock,COLLEGE,Football,NCAA-BIG10,OHIO STATE VS. ILLINOIS - 2024-03-19
Peacock,COLLEGE,Football,NCAA-BIG10,UNITED STATES VS. COLOMBIA (ESPAÑOL) - 2024-03-19
Peacock,PROFESSIONAL,Soccer,Premier League,MAN UNITED V. BOURNEMOUTH (ESPAÑOL)
Peacock,PROFESSIONAL,Golf,PGA,U.S. OPEN DECADES: S1 E2
Peacock,PROFESSIONAL,Soccer,Premier League,PL UPDATE: MANCHESTER UNITED OUTLAST LUTON TOWN
Peacock,COLLEGE,Football,NCAA-BIG10,PURDUE VS. NEBRASKA - 2024-03-18
Peacock,PROFESSIONAL,Basketball,NBA,NBA BROADCAST RIGHTS LEADS SPORTS MEDIA FRENZY
Peacock,PROFESSIONAL,Soccer,Premier League,PL UPDATE: MAINOO SAVES MAN UNITED V. WOLVES
Peacock,PROFESSIONAL,Soccer,Premier League,DOMINIK SZOBOSZLAI
Peacock,PROFESSIONAL,Golf,PGA,1960S
Peacock,COLLEGE,Football,NCAA-BIG10,INDIANA VS. RUTGERS - 2024-03-18
Peacock,PROFESSIONAL,Soccer,Premier League,NOTTINGHAM FOREST V. SOUTHAMPTON HIGHLIGHTS
Peacock,PROFESSIONAL,Soccer,Premier League,RAQUEL RODRIGUEZ FIGHTS AGAINST CHELSEA GREEN
Peacock,PROFESSIONAL,Soccer,Premier League,EXTENDED HLS: TOTTENHAM V. BOURNEMOUTH MWK 20
Peacock,PROFESSIONAL,Soccer,Premier League,PL UPDATE: WOLVES TAME LACKLUSTER CHELSEA
Peacock,PROFESSIONAL,Basketball,NBA,ARE THE NUGGETS EQUIPPED TO WIN THE NBA TITLE?
Peacock,PROFESSIONAL,Soccer,Premier League,PL RAW: MANCHESTER CITY OUTCLASS MANCHESTER UNITED
Peacock,COLLEGE,Football,NCAA-BIG10,TEXAS A&M VS. OHIO STATE - 2024-03-19
Peacock,PROFESSIONAL,Soccer,Premier League,EXAMINING LIVERPOOL'S PRESS V. MANCHESTER CITY
NBC Sports App TVE,PROFESSIONAL,Basketball,NBA,SACRAMENTO KINGS AT MINNESOTA TIMBERWOLVES
Peacock,PROFESSIONAL,Soccer,Premier League,EVERY PL TEAM'S BEST GOAL SO FAR IN 2023-24 SEASON
Peacock,PROFESSIONAL,Soccer,Premier League,MORRIS SCORES LUTON TOWN'S FIRST-EVER PL GOAL
Peacock,PROFESSIONAL,Soccer,Premier League,GOAL RUSH: MATCHWEEK 26
NBC Sports App TVE,PROFESSIONAL,Baseball,MLB,SAN FRANCISCO GIANTS VS. OAKLAND ATHLETICS
nbc.com,PROFESSIONAL,Basketball,NBA,MIAMI HEAT AT PHILADELPHIA 76ERS
Peacock,PROFESSIONAL,Soccer,Premier League,EXTENDED HLS: BOURNEMOUTH V. MAN CITY MATCHWEEK 26
Peacock,COLLEGE,Football,NCAA-BIG10,IOWA VS. MINNESOTA - 2024-03-18
Peacock,PROFESSIONAL,Soccer,Premier League,EVERY TOUCH: MAC ALLISTER'S QUALITY SHINES V. CITY
Peacock,PROFESSIONAL,Golf,PGA,JACK NICKLAUS
Peacock,PROFESSIONAL,Soccer,Premier League,LOWE DOWN: ARSENAL WILL WIN THE PL BEFORE MAN UTD
Peacock,PROFESSIONAL,Soccer,Premier League,"PL UPDATE: BRIGHTON, WOLVES BATTLE TO DRAW"
Peacock,PROFESSIONAL,Soccer,Premier League,PREMIER LEAGUE: EVERY GOAL FROM MATCHWEEK 14
Peacock,PROFESSIONAL,Soccer,Premier League,THE INVINCIBLES
NBC Sports App TVE,PROFESSIONAL,Soccer,Premier League,MUNIZ DRILLS FULHAM IN FRONT OF TOTTENHAM
USA App,PROFESSIONAL,Soccer,Premier League,CHELSEA V. NEWCASTLE
Peacock,PROFESSIONAL,Golf,PGA,MY U.S. OPEN: S1 E4
NBC Sports App TVE,PROFESSIONAL,Soccer,Premier League,LUKIC STUNS TOTTENHAM TO GIVE FULHAM 2-0 LEAD
Peacock,PROFESSIONAL,Soccer,Premier League,EXTENDED HLS: CRYSTAL PALACE V. LIVERPOOL MWK 16
Peacock,PROFESSIONAL,Golf,PGA,RETIEF GOOSEN
Peacock,PROFESSIONAL,Soccer,Premier League,EVERY LIVERPOOL STOPPAGE-TIME WINNER UNDER KLOPP
Peacock,PROFESSIONAL,Soccer,Premier League,EXTENDED HLS: ASTON VILLA V. TOTTENHAM MWK 28
Peacock,COLLEGE,Football,NCAA-BIG10,CLARKSON VS. NOTRE DAME - 2024-03-18
Peacock,COLLEGE,Football,NCAA-BIG10,ILLINOIS VS. OHIO STATE - 2024-03-19
NBC App,PROFESSIONAL,Basketball,NBA,MEMPHIS GRIZZLIES VS. SACRAMENTO KINGS
Peacock,COLLEGE,Football,NCAA-BIG10,PURDUE VS. INDIANA - 2024-03-18
Peacock,COLLEGE,Football,NCAA-BIG10,ILLINOIS VS. OHIO STATE - 2024-03-18
NBC App,PROFESSIONAL,Basketball,NBA,SIXERS PREGAME LIVE
Peacock,PROFESSIONAL,Soccer,Premier League,NUNEZ STEPS UP FOR LIVERPOOL AGAINST BOURNEMOUTH
Peacock,PROFESSIONAL,Soccer,Premier League,ALL 150 OF SALAH'S PREMIER LEAGUE GOALS
Peacock,PROFESSIONAL,Soccer,Premier League,NETBUSTERS: 11.27.23
Peacock,PROFESSIONAL,Soccer,Premier League,MAN CITY V. MAN UNITED (ESPAÑOL)
Peacock,PROFESSIONAL,Soccer,Premier League,LUTON TOWN
Peacock,COLLEGE,Football,NCAA-BIG10,UNITED STATES VS. SLOVENIA (ESPAÑOL) - 2024-03-18
NBC Sports App TVE,PROFESSIONAL,Ice Hockey,NHL,SAN JOSE SHARKS VS. CHICAGO BLACKHAWKS
NBC Sports App TVE,PROFESSIONAL,Basketball,NBA,WARRIORS POSTGAME
nbc.com,PROFESSIONAL,Basketball,NBA,CELTICS POSTGAME LIVE
nbc.com,PROFESSIONAL,Basketball,NBA,SIXERS PREGAME LIVE
USA App,PROFESSIONAL,Soccer,Premier League,REACTIONS AFTER LIVERPOOL BATTLE PAST BRENTFORD
NBC Sports App TVE,PROFESSIONAL,Soccer,Premier League,NEWCASTLE COULD LOOK AT MOURINHO TO REPLACE HOWE
Peacock,PROFESSIONAL,Soccer,Premier League,EVERY TOUCH: BOWEN IS IRONS HAT-TRICK HERO V. BEES
Peacock,PROFESSIONAL,Soccer,Premier League,TOTTENHAM BACK TO THEIR 'ENTERTAINING BEST'
NBC Sports App TVE,PROFESSIONAL,Golf,PGA,"COLOGUARD CLASSIC, FINAL ROUND"
Peacock,PROFESSIONAL,Golf,PGA,INBEE PARK WINS THIRD STRAIGHT MAJOR IN 2013
Peacock,PROFESSIONAL,Soccer,Premier League,NOTTINGHAM FOREST V. BRENTFORD HIGHLIGHTS
Peacock,PROFESSIONAL,Basketball,NBA,NBA NEEDS MORE EVENTS LIKE STEPH VS. SABRINA
Peacock,COLLEGE,Football,NCAA-BIG10,UNITED STATES VS. UZBEKISTAN (ESPAÑOL) - 2024-03-18
Peacock,PROFESSIONAL,Soccer,Premier League,ROBERTO MARTINEZ
NBC Sports App TVE,PROFESSIONAL,Golf,PGA,GLOVER'S WINNING SHOTS AT THE WYNDHAM CHAMPIONSHIP
NBC Sports App TVE,PROFESSIONAL,Golf,PGA,PGA TOUR: THE CUT
Peacock,COLLEGE,Football,NCAA-BIG10,IOWA VS. INDIANA - 2024-03-19
Peacock,PROFESSIONAL,Soccer,Premier League,EXTENDED HLS: NOTTINGHAM FOREST V. ARSENAL MWK 22
Peacock,PROFESSIONAL,Soccer,Premier League,EVERY TOUCH BY JORGINHO IN 3-1 WIN V. LIVERPOOL
NBC Sports App TVE,PROFESSIONAL,Basketball,NBA,DETROIT PISTONS VS. CHICAGO BULLS
Peacock,PROFESSIONAL,Golf,PGA,USGA HISTORY MAKERS
Peacock,PROFESSIONAL,Soccer,Premier League,LIVERPOOL OUTLAST COMPETITIVE BURNLEY AT ANFIELD
Peacock,PROFESSIONAL,Soccer,Premier League,'SHELL OF' MAN UNITED FIGHT VALIANTLY V. LIVERPOOL
Peacock,PROFESSIONAL,Golf,PGA,ANNIKA SÖRENSTAM
nbc.com,PROFESSIONAL,Basketball,NBA,MEMPHIS GRIZZLIES VS. SACRAMENTO KINGS
NBC Sports App TVE,PROFESSIONAL,Basketball,NBA,CLEVELAND CAVALIERS VS. CHICAGO BULLS
NBC App,PROFESSIONAL,Basketball,NBA,SACRAMENTO KINGS AT DENVER NUGGETS
NBC Sports App TVE,PROFESSIONAL,Basketball,NBA,CELTICS VS HAWKS
Peacock,PROFESSIONAL,Soccer,Premier League,ATTITUDE AND HEART
Peacock,PROFESSIONAL,Soccer,Premier League,EXTENDED HLS: EVERTON V. CRYSTAL PALACE MWK 25
NBC App,PROFESSIONAL,Basketball,NBA,SIXERS POSTGAME LIVE
Peacock,COLLEGE,Football,NCAA-BIG10,CLARKSON VS. NOTRE DAME - 2024-03-19
Peacock,PROFESSIONAL,Soccer,Premier League,EXTENDED HLS: NEWCASTLE V. MAN UNITED MATCHWEEK 14
NBC Sports App TVE,PROFESSIONAL,Baseball,MLB,BALTIMORE ORIOLES AT PHILADELPHIA PHILLIES
Peacock,COLLEGE,Football,NCAA-BIG10,TENNESSEE VS. WISCONSIN - 2024-03-19
NBC Sports App TVE,PROFESSIONAL,Soccer,Premier League,CRYSTAL PALACE V. BRIGHTON
Peacock,PROFESSIONAL,Soccer,Premier League,EVERY BAILEY TOUCH IN VILLA'S WIN V. MAN CITY
Peacock,PROFESSIONAL,Soccer,Premier League,PL UPDATE: CHELSEA STEP UP TO NEWCASTLE CHALLENGE
Peacock,PROFESSIONAL,Soccer,Premier League,PL UPDATE: LIVERPOOL SURVIVE FOREST SCARE
NBC App,PROFESSIONAL,Basketball,NBA,CHICAGO BULLS POSTGAME LIVE
Peacock,PROFESSIONAL,Soccer,Premier League,WHAT EDWARDS' RETURN MEANS FOR LIVERPOOL'S FUTURE
NBC Sports App TVE,PROFESSIONAL,Soccer,Premier League,HOW THE PL COULD GET A 5TH UCL QUALIFICATION SPOT
Peacock,PROFESSIONAL,Soccer,Premier League,EVERY TOUCH BY MATCH-WINNER DE BRUYNE V. NEWCASTLE
Peacock,COLLEGE,Football,NCAA-BIG10,INDIANA VS. MARYLAND - 2024-03-18
nbc.com,PROFESSIONAL,Soccer,Premier League,LUTON TOWN V. NOTTINGHAM FOREST
NBC App,PROFESSIONAL,Basketball,NBA,CELTICS AT WIZARDS
NBC App,COLLEGE,Football,NCAA-BIG10,USC VS. NOTRE DAME - 2023-10-15
Peacock,PROFESSIONAL,Soccer,Premier League,GERMANY: WORLD CUP SPECIAL
Peacock,PROFESSIONAL,Soccer,Premier League,BOURNEMOUTH V. SHEFFIELD UNITED
Peacock,PROFESSIONAL,Soccer,Premier League,LUTON TOWN V. MAN UNITED
Peacock,PROFESSIONAL,Soccer,Premier League,PL UPDATE: MCTOMINAY RESCUES MAN UTD V. BRENTFORD
Peacock,PROFESSIONAL,Basketball,NBA,CAN FOREIGN PLAYERS BE THE FACE OF THE NBA?
Peacock,PROFESSIONAL,Soccer,Premier League,LIVERPOOL V. CHELSEA (ESPAÑOL)
Peacock,PROFESSIONAL,Soccer,Premier League,WHAT IS POCHETTINO'S BIGGEST CHALLENGE AT CHELSEA?
NBC Sports App TVE,PROFESSIONAL,Baseball,MLB,DETROIT TIGERS AT PHILADELPHIA PHILLIES
NBC Sports App TVE,PROFESSIONAL,Basketball,NBA,WASHINGTON WIZARDS AT CHICAGO BULLS
NBC Sports App TVE,PROFESSIONAL,Basketball,NBA,DETROIT PISTONS VS. SACRAMENTO KINGS
Peacock,PROFESSIONAL,Soccer,Premier League,NAYEF AGUERD
NBC App,PROFESSIONAL,Basketball,NBA,GOLDEN STATE WARRIORS AT DALLAS MAVERICKS
NBC Sports App TVE,PROFESSIONAL,Basketball,NBA,CELTICS AT RAPTORS
Peacock,PROFESSIONAL,Golf,PGA,"DEBATING STATE OF PRESTIGE, FIELD SIZE ON PGA TOUR"
Peacock,PROFESSIONAL,Golf,PGA,JUSTIN THOMAS
Peacock,PROFESSIONAL,Soccer,Premier League,"ARE LIVERPOOL, MAN CITY DESTINED FOR FA CUP FINAL?"
Peacock,PROFESSIONAL,Soccer,Premier League,EXTENDED HLS: LIVERPOOL V. CHELSEA MATCHWEEK 22
NBC App,PROFESSIONAL,Golf,PGA,PGA TOUR'S COUNTERCLAIM ESCALATES
Peacock,COLLEGE,Football,NCAA-BIG10,PURDUE VS. MARYLAND - 2024-03-19
Peacock,PROFESSIONAL,Golf,PGA,USGA FILMS: S1 E10
Peacock,PROFESSIONAL,Soccer,Premier League,JACKSON FINISHES COUNTER-ATTACK AGAINST BRIGHTON
Peacock,PROFESSIONAL,Soccer,Premier League,NEWCASTLE V. BOURNEMOUTH
NBC Sports App TVE,PROFESSIONAL,Basketball,NBA,MILWAUKEE BUCKS VS. GOLDEN STATE WARRIORS
Oxygen App,PROFESSIONAL,Ice Hockey,NHL,NBC NEWS DAILY WITH KATE SNOW AND ZINHLE ESSAMUAH
Peacock,PROFESSIONAL,Soccer,Premier League,WOLVES IN SPAIN
Peacock,PROFESSIONAL,Soccer,Premier League,ROBERTO DE ZERBI
Peacock,PROFESSIONAL,Soccer,Premier League,MAN CITY V. MAN UNITED
Peacock,PROFESSIONAL,Soccer,Premier League,WONDERKID WATCH: ALL HIGHLIGHTS FROM MATCHWEEK 26
Peacock,PROFESSIONAL,Soccer,Premier League,NETBUSTERS: 3.18.24
Peacock,PROFESSIONAL,Golf,PGA,1986 U.S. OPEN FILM: RAYMOND FLOYD
NBC Sports App TVE,PROFESSIONAL,Basketball,NBA,NEW YORK KNICKS VS. SACRAMENTO KINGS
Peacock,PROFESSIONAL,Soccer,Premier League,EXTENDED HLS: MAN CITY V. SHEFFIELD UNITED MWK 20
Peacock,PROFESSIONAL,Baseball,MLB,WELCOME HOME PHILLIES SEASON PREVIEW
nbc.com,PROFESSIONAL,Basketball,NBA,CHICAGO BULLS POSTGAME LIVE
NBC Sports App TVE,PROFESSIONAL,Soccer,Premier League,FOREST 'WILL PROBABLY GET A POINTS DEDUCTION'
Peacock,PROFESSIONAL,Soccer,Premier League,MAN UNITED V. EVERTON
Peacock,COLLEGE,Football,NCAA-BIG10,MICHIGAN VS. IOWA - 2024-03-19
NBC Sports App TVE,PROFESSIONAL,Ice Hockey,NHL,NBC NEWS DAILY WITH KATE SNOW AND ZINHLE ESSAMUAH
NBC Sports App TVE,PROFESSIONAL,Basketball,NBA,SIXERS PREGAME LIVE
NBC Sports App TVE,PROFESSIONAL,Soccer,Premier League,WOOD TUCKS AWAY FOREST'S OPENER V. LUTON TOWN
Peacock,PROFESSIONAL,Golf,PGA,"NICKLAUS' U.S. AM, OPEN AND SENIOR OPEN WINS"
Peacock,PROFESSIONAL,Soccer,Premier League,CHELSEA V. ARSENAL (ESPAÑOL)
Peacock,PROFESSIONAL,Soccer,Premier League,BEST AMERICAN PREMIER LEAGUE GOALS
NBC Sports App TVE,PROFESSIONAL,Baseball,MLB,PITTSBURGH PIRATES AT PHILADELPHIA PHILLIES
Peacock,PROFESSIONAL,Soccer,Premier League,LOWE DOWN: IS WATKINS THE PL PLAYER OF THE SEASON?
nbc.com,PROFESSIONAL,Basketball,NBA,CELTICS AT WIZARDS
Peacock,PROFESSIONAL,Soccer,Premier League,BURNLEY V. ARSENAL
Peacock,PROFESSIONAL,Soccer,Premier League,EVERTON V. WEST HAM
Peacock,PROFESSIONAL,Soccer,Premier League,FOXES FANTASY WORLD
Peacock,COLLEGE,Football,NCAA-BIG10,ILLINOIS VS. NOTRE DAME - 2024-03-18
Peacock,PROFESSIONAL,Soccer,Premier League,EVERY TOUCH: FODEN SHINES IN MANCHESTER DERBY WIN
Peacock,PROFESSIONAL,Soccer,Premier League,NEWCASTLE V. WOLVES
Peacock,PROFESSIONAL,Basketball,NBA,"NBA ASG HIGHLIGHTED GAP BETWEEN MODERN, PAST STARS"
Peacock,PROFESSIONAL,Soccer,Premier League,PL UPDATE: TONEY LIFTS BRENTFORD PAST FOREST
Peacock,PROFESSIONAL,Soccer,Premier League,EXTENDED HLS: FULHAM V. EVERTON MATCHWEEK 22
Peacock,COLLEGE,Football,NCAA-BIG10,MICHIGAN STATE VS. IOWA - 2024-03-18
Peacock,PROFESSIONAL,Soccer,Premier League,MANCHESTER CITY: THE SEASON THAT CHANGED IT ALL
Peacock,PROFESSIONAL,Soccer,Premier League,MEN IN BLAZERS JJ WATT SPECIAL
NBC App,PROFESSIONAL,Basketball,NBA,CANNONBALLS AND MULLETS
Peacock,PROFESSIONAL,Soccer,Premier League,EIDUR GUDJOHNSEN
Peacock,PROFESSIONAL,Soccer,Premier League,NETBUSTERS: 12.11.23
Peacock,COLLEGE,Football,NCAA-BIG10,OHIO STATE VS. NOTRE DAME - 2024-03-19
Peacock,PROFESSIONAL,Soccer,Premier League,EXTENDED HLS: MAN UNITED V. ASTON VILLA MWK 19
Peacock,PROFESSIONAL,Golf,PGA,1970S
NBC App,PROFESSIONAL,Golf,LPGA,"ARAMCO TEAM SERIES - TAMPA, SECOND ROUND"
Peacock,PROFESSIONAL,Soccer,Premier League,EVERY TOUCH: DISASI STONEWALLS MANCHESTER CITY
Syfy App,PROFESSIONAL,Baseball,MLB,PITTSBURGH PIRATES AT PHILADELPHIA PHILLIES
USA App,PROFESSIONAL,Basketball,NBA,CELTICS PREGAME LIVE
nbc.com,PROFESSIONAL,Soccer,Premier League,EXTENDED HLS: WEST HAM V. ASTON VILLA MATCHWEEK 29
Peacock,PROFESSIONAL,Soccer,Premier League,FULHAM V. ASTON VILLA
Peacock,PROFESSIONAL,Soccer,Premier League,SOUTH KOREA: WORLD CUP SPECIAL
Peacock,PROFESSIONAL,Soccer,Premier League,"PL UPDATE: CRYSTAL PALACE, BRIGHTON BATTLE TO DRAW"
Peacock,PROFESSIONAL,Soccer,Premier League,PL UPDATE: WEST HAM DERAIL BRIGHTON
NBC App,PROFESSIONAL,Basketball,NBA,CELTICS POSTGAME PLUS
NBC App,PROFESSIONAL,Golf,PGA,TROPHY HASSAN II - RD 1
Peacock,PROFESSIONAL,Soccer,Premier League,EVERTON V. BOURNEMOUTH HIGHLIGHTS
Peacock,PROFESSIONAL,Soccer,Premier League,LIVERPOOL 'SMOTHERED' CITY IN ENTERTAINING DRAW
Bravo App,PROFESSIONAL,Golf,PGA,COREY CONNERS
Peacock,PROFESSIONAL,Golf,PGA,"HIGHLIGHTS: THE PLAYERS CHAMPIONSHIP, FINAL ROUND"
Peacock,PROFESSIONAL,Soccer,Premier League,EXTENDED HLS: LUTON TOWN V. MAN UNITED MWK 25
Peacock,COLLEGE,Football,NCAA-BIG10,OHIO STATE VS. NEBRASKA - 2024-03-19
Peacock,COLLEGE,Football,NCAA-NOTRE DAME,HIGHLIGHTS: NOTRE DAME DOMINATES USC AT HOME
Peacock,PROFESSIONAL,Golf,PGA,U.S. OPEN DECADES
Peacock,COLLEGE,Football,NCAA-BIG10,UNITED STATES VS. GHANA (ESPAÑOL) - 2024-03-18
Peacock,PROFESSIONAL,Soccer,Premier League,EVERY TOUCH: RICE TORMENTS WEST HAM IN HOMECOMING
Peacock,COLLEGE,Football,NCAA-BIG10,PENN STATE VS. MICHIGAN STATE - 2024-03-18
NBC Sports App TVE,PROFESSIONAL,Basketball,NBA,CELTICS VS NETS
Peacock,COLLEGE,Football,NCAA-BIG10,PURDUE VS. ILLINOIS - 2024-03-19
Peacock,PROFESSIONAL,Soccer,Premier League,FULHAM'S ROBINSON EXPOSES TOTTENHAM'S DEFENDING
Peacock,PROFESSIONAL,Soccer,Premier League,EXTENDED HLS: TOTTENHAM V. BRENTFORD MATCHWEEK 22
Peacock,COLLEGE,Football,NCAA-BIG10,ARIZONA VS. PURDUE - 2024-03-18
Peacock,COLLEGE,Football,NCAA-BIG10,IOWA VS. NORTHWESTERN - 2024-03-18
Peacock,PROFESSIONAL,Soccer,Premier League,WILL GUARDIOLA REMAIN AT MANCHESTER CITY?
Peacock,PROFESSIONAL,Soccer,Premier League,PL UPDATE: BRIGHTON DISMANTLE NEWCASTLE
Peacock,PROFESSIONAL,Soccer,Premier League,ARSENAL V. FULHAM HIGHLIGHTS
Peacock,PROFESSIONAL,Soccer,Premier League,EXTENDED HLS: WEST HAM V. MAN UNITED MATCHWEEK 18
USA App,PROFESSIONAL,Basketball,NBA,MIAMI HEAT AT PHILADELPHIA 76ERS
Peacock,PROFESSIONAL,Soccer,Premier League,EXTENDED HLS: ASTON VILLA V. FOREST MATCHWEEK 26
NBC Sports App TVE,PROFESSIONAL,Soccer,Premier League,TOTTENHAM THE PREMIER LEAGUE'S 'MOST FLUID TEAM'
Peacock,PROFESSIONAL,Soccer,Premier League,PL UPDATE: NOTTINGHAM FOREST STUN MAN UNITED
Peacock,COLLEGE,Football,NCAA-BIG10,UNITED STATES VS. OMAN (ESPAÑOL) - 2024-03-18
nbc.com,PROFESSIONAL,Basketball,NBA,NEW YORK KNICKS VS. SACRAMENTO KINGS
Peacock,PROFESSIONAL,Basketball,NBA,SINBAD: MAKE ME WANNA HOLLA
NBC Sports App TVE,PROFESSIONAL,Basketball,NBA,WASHINGTON WIZARDS VS. CHICAGO BULLS
Peacock,PROFESSIONAL,Soccer,Premier League,EXTENDED HLS: MAN CITY V. BRENTFORD MATCHWEEK 25
Peacock,PROFESSIONAL,Soccer,Premier League,CHAMPIONS STORY
Peacock,COLLEGE,Football,NCAA-BIG10,ALABAMA STATE VS. IOWA - 2024-03-19
Peacock,COLLEGE,Football,NCAA-BIG10,PENN STATE VS. MICHIGAN STATE - 2024-03-19
Peacock,COLLEGE,Football,NCAA-BIG10,WISCONSIN VS. NOTRE DAME - 2024-03-18
NBC Sports App TVE,PROFESSIONAL,Soccer,Premier League,PREMIER LEAGUE GOAL ZONE
Peacock,PROFESSIONAL,Golf,PGA,USGA FILMS
Peacock,PROFESSIONAL,Soccer,Premier League,MANCHESTER CITY MAKE A STATEMENT AGAINST EVERTON
Peacock,PROFESSIONAL,Soccer,Premier League,ASTON VILLA V. BRENTFORD HIGHLIGHTS
Peacock,PROFESSIONAL,Baseball,MLB,HOLLIDAY: 'I'M VERY EXCITED' FOR MLB FUTURES GAME
Peacock,PROFESSIONAL,Golf,PGA,AN AMERICAN CHAMPION
Peacock,COLLEGE,Football,NCAA-BIG10,OHIO STATE VS. ILLINOIS - 2024-03-18
USA App,PROFESSIONAL,Golf,PGA,GENESIS INVITATIONAL - FINAL RD
NBC App,PROFESSIONAL,Basketball,NBA,SAN ANTONIO SPURS AT CHICAGO BULLS
Peacock,PROFESSIONAL,Soccer,Premier League,"PL UPDATE: LIVERPOOL, MAN CITY DAZZLE IN DRAW"
Peacock,COLLEGE,Football,NCAA-BIG10,IOWA VS. NORTHWESTERN - 2024-03-19
Peacock,PROFESSIONAL,Soccer,Premier League,EXTENDED HLS: CHELSEA V. FULHAM MATCHWEEK 21
Peacock,PROFESSIONAL,Soccer,Premier League,CAN HAVERTZ BE THE DIFFERENCE IN THE TITLE RACE?
Peacock,PROFESSIONAL,Soccer,Premier League,SILVA 'HAS LOTS OF UPSIDE' AS FULHAM'S MANAGER
Peacock,PROFESSIONAL,Soccer,Premier League,EXTENDED HLS: EVERTON V. MAN CITY MATCHWEEK 19
NBC Sports App TVE,PROFESSIONAL,Basketball,NBA,CHARLOTTE HORNETS VS. GOLDEN STATE WARRIORS
Peacock,COLLEGE,Football,NCAA-BIG10,PURDUE VS. NEBRASKA - 2024-03-19
Peacock,PROFESSIONAL,Soccer,Premier League,EVERY TOUCH: SAKA HAMMERS WEST HAM WITH BRACE
Peacock,PROFESSIONAL,Soccer,Premier League,PAQUETA HAS BEEN A 'MAGICIAN' FOR WEST HAM UNITED
NBC Sports App TVE,PROFESSIONAL,Ice Hockey,NHL,SAN JOSE SHARKS AT COLUMBUS BLUE JACKETS
NBC Sports App TVE,PROFESSIONAL,Basketball,NBA,JONATHAN KUMINGA
NBC Sports App TVE,PROFESSIONAL,Basketball,NBA,LA CLIPPERS VS. CHICAGO BULLS
Peacock,COLLEGE,Football,NCAA-BIG10,INDIANA VS. MICHIGAN - 2024-03-19
Peacock,PROFESSIONAL,Soccer,Premier League,NETBUSTERS: 12.24.23
usanetwork.com,COLLEGE,Football,NCAA-BIG10,ST. BONAVENTURE VS. LOYOLA CHICAGO - 2024-03-18
Peacock,COLLEGE,Football,NCAA-BIG10,NEBRASKA VS. OREGON STATE - 2024-03-19
NBC Sports App TVE,PROFESSIONAL,Basketball,NBA,SACRAMENTO KINGS AT LOS ANGELES LAKERS
Peacock,PROFESSIONAL,Soccer,Premier League,"PEDRO SCORES PENALTY, REDUCES DEFICIT TO CHELSEA"
Peacock,COLLEGE,Football,NCAA-BIG10,PURDUE VS. ILLINOIS - 2024-03-17
Peacock,PROFESSIONAL,Soccer,Premier League,A NEW ERA IN GOOD KOMPANY
Peacock,PROFESSIONAL,Baseball,MLB,YANKEES’ RACHEL BALKOVEC BECOMES FIRST FEMALE MANAGER IN MINOR LEAGUE HISTORY
nbc.com,PROFESSIONAL,Basketball,NBA,DETROIT PISTONS AT BOSTON CELTICS
NBC Sports App TVE,PROFESSIONAL,Golf,Ladies European Tour,"ARAMCO TEAM SERIES - TAMPA, FINAL ROUND"
Peacock,PROFESSIONAL,Golf,PGA,2002 TIGER WOODS
NBC App,PROFESSIONAL,Soccer,Premier League,NEWCASTLE COULD LOOK AT MOURINHO TO REPLACE HOWE
Peacock,PROFESSIONAL,Soccer,Premier League,DIDIER DROGBA
Peacock,PROFESSIONAL,Soccer,Premier League,ADINGRA INCREASES BRIGHTON'S LEAD V. LUTON TOWN
Peacock,PROFESSIONAL,Baseball,MLB,BEHIND THE SKETCH: MARCELLO HERNANDEZ ON THE MLB PLAYOFFS
Peacock,COLLEGE,Football,NCAA-BIG10,IOWA VS. NORTHWESTERN - 2024-03-17
Peacock,PROFESSIONAL,Soccer,Premier League,EVERY PREMIER LEAGUE GOAL FROM MATCHWEEK 36
Peacock,COLLEGE,Football,NCAA-BIG10,OHIO STATE VS. MICHIGAN STATE - 2024-03-18
Peacock,PROFESSIONAL,Soccer,Premier League,EXTENDED HLS: MAN UNITED V. EVERTON MATCHWEEK 28
Peacock,COLLEGE,Football,NCAA-BIG10,RUTGERS VS. MINNESOTA - 2024-03-19
Peacock,PROFESSIONAL,Soccer,Premier League,EXTENDED HLS: BURNLEY V. ARSENAL MATCHWEEK 25
nbc.com,PROFESSIONAL,Basketball,NBA,NEW YORK KNICKS AT GOLDEN STATE WARRIORS
NBC Sports App TVE,PROFESSIONAL,Ice Hockey,NHL,SAN JOSE SHARKS AT CHICAGO BLACKHAWKS
Peacock,PROFESSIONAL,Soccer,Premier League,PL UPDATE: MANCHESTER UNITED OUTLAST WOLVES
NBC Sports App TVE,PROFESSIONAL,Basketball,NBA,WARRIORS POSTGAME LIVE
NBC Sports App TVE,PROFESSIONAL,Basketball,NBA,ORLANDO MAGIC VS. GOLDEN STATE WARRIORS
Peacock,PROFESSIONAL,Soccer,Premier League,LIVERPOOL LIFTED BY 'ANFIELD FACTOR' V. MAN CITY
Peacock,COLLEGE,Football,NCAA-BIG10,MICHIGAN VS. OHIO STATE - 2024-03-18
Peacock,PROFESSIONAL,Soccer,Premier League,'PRESSURE MOUNTING' ON POCHETTINO AT CHELSEA
Peacock,PROFESSIONAL,Soccer,Premier League,EXTENDED HLS: BOURNEMOUTH V. BLADES MATCHWEEK 28
Peacock,PROFESSIONAL,Soccer,Premier League,"EVERY TOUCH: SON BAGS GOAL, TWO ASSISTS V. VILLANS"
USA App,PROFESSIONAL,Basketball,NBA,PORTLAND TRAILBLAZERS VS. CHICAGO BULLS
Peacock,PROFESSIONAL,Soccer,Premier League,QUANSAH 'STARTING TO MAKE A MARK' AT LIVERPOOL
Peacock,PROFESSIONAL,Soccer,Premier League,EVERY PREMIER LEAGUE GOAL FROM MATCHWEEK 30
Peacock,PROFESSIONAL,Soccer,Premier League,CASEMIRO
Peacock,PROFESSIONAL,Baseball,MLB,MLB LEAGUE CHAMPIONSHIP GAMES HAVE BEEN THRILLING
NBC Sports App TVE,PROFESSIONAL,Basketball,NBA,PHILADELPHIA 76ERS AT UTAH JAZZ
nbc.com,PROFESSIONAL,Basketball,NBA,CELTICS VS PISTONS
Peacock,PROFESSIONAL,Soccer,Premier League,USMNT WATCH: TOP PLAYS FROM MATCHWEEK 14
Peacock,PROFESSIONAL,Soccer,Premier League,EXTENDED HLS: WOLVES V. FULHAM MATCHWEEK 28
NBC App,PROFESSIONAL,Ice Hockey,NHL,NBC NEWS DAILY WITH KATE SNOW AND ZINHLE ESSAMUAH
NBC Sports App TVE,PROFESSIONAL,Basketball,NBA,CELTICS VS PELICANS
NBC Sports App TVE,PROFESSIONAL,Basketball,NBA,CELTICS AT NETS
Peacock,PROFESSIONAL,Soccer,Premier League,EVERY GOAL FROM THE PREMIER LEAGUE SUMMER SERIES
Peacock,PROFESSIONAL,Soccer,Premier League,MAN CITY V. TOTTENHAM (ESPAÑOL)
USA App,PROFESSIONAL,Basketball,NBA,MEMPHIS GRIZZLIES VS. SACRAMENTO KINGS
Peacock,PROFESSIONAL,Soccer,Premier League,EVERY TOUCH BY GABRIEL IN ARSENAL'S WIN V. PALACE
Peacock,COLLEGE,Football,NCAA-BIG10,WISCONSIN VS. MICHIGAN STATE - 2024-03-18
NBC Sports App TVE,PROFESSIONAL,Ice Hockey,NHL,ARIZONA COYOTES AT PHILADELPHIA FLYERS
Peacock,PROFESSIONAL,Golf,PGA,"HIGHLIGHTS: THE PLAYERS CHAMPIONSHIP, ROUND 2"
Peacock,COLLEGE,Football,NCAA-NOTRE DAME,HIGHLIGHTS: NOTRE DAME DESTROYS WAKE FOREST
nbc.com,PROFESSIONAL,Basketball,NBA,WARRIORS PREGAME
Peacock,PROFESSIONAL,Soccer,Premier League,EXTENDED HLS: ASTON VILLA V. MAN CITY MWK 15
Peacock,PROFESSIONAL,Basketball,NBA,HOW SHOULD NBA IMPROVE THE ALL-STAR GAME?
NBC App,PROFESSIONAL,Baseball,MLB,PITTSBURGH PIRATES AT PHILADELPHIA PHILLIES
Peacock,COLLEGE,Football,NCAA-BIG10,PENN STATE VS. NOTRE DAME - 2024-03-19
Peacock,PROFESSIONAL,Soccer,Premier League,PL UPDATE: MANCHESTER CITY STIFLE NEWCASTLE UNITED
NBC Sports App TVE,PROFESSIONAL,Soccer,Premier League,ASTON VILLA V. TOTTENHAM
Peacock,PROFESSIONAL,Soccer,Premier League,NOTTINGHAM FOREST V. BURNLEY HIGHLIGHTS
Peacock,PROFESSIONAL,Soccer,Premier League,EXTENDED HLS: SHEFFIELD UNITED V. BRIGHTON MWK 25
Peacock,PROFESSIONAL,Soccer,Premier League,PREMIER LEAGUE: EVERY GOAL FROM MATCHWEEK 24
NBC Sports App TVE,PROFESSIONAL,Basketball,NBA,SIXERS POSTGAME LIVE
Peacock,COLLEGE,Football,NCAA-BIG10,UNITED STATES VS. SLOVENIA (ESPAÑOL) - 2024-03-19
Peacock,PROFESSIONAL,Soccer,Premier League,POCHETTINO MAKING POTTER 'LOOK BETTER' AT CHELSEA
Peacock,PROFESSIONAL,Soccer,Premier League,PAUL SCHOLES
Peacock,PROFESSIONAL,Soccer,Premier League,NETBUSTERS: 10.23.23
Peacock,PROFESSIONAL,Soccer,Premier League,BOURNEMOUTH V. LUTON TOWN
Peacock,PROFESSIONAL,Soccer,Premier League,ASTON VILLA V. NOTT'M FOREST
NBC Sports App TVE,PROFESSIONAL,Basketball,NBA,CHICAGO BULLS VS. INDIANA PACERS
NBC App,PROFESSIONAL,Ice Hockey,NHL,SAN JOSE SHARKS VS. CHICAGO BLACKHAWKS
Peacock,COLLEGE,Football,NCAA-BIG10,UTSA VS. MINNESOTA - 2024-03-18
usanetwork.com,PROFESSIONAL,Basketball,NBA,NEW YORK KNICKS AT GOLDEN STATE WARRIORS
NBC Sports App TVE,PROFESSIONAL,Basketball,NBA,CHICAGO BULLS VS. UTAH JAZZ
nbc.com,PROFESSIONAL,Ice Hockey,NHL,SAN JOSE SHARKS AT CHICAGO BLACKHAWKS
Peacock,PROFESSIONAL,Soccer,Premier League,PREMIER LEAGUE: EVERY GOAL FROM MATCHWEEK 3
Peacock,PROFESSIONAL,Soccer,Premier League,WELBECK'S STRIKE PUTS BRIGHTON AHEAD OF CHELSEA
Peacock,PROFESSIONAL,Golf,PGA,HOW CAN PGA TOUR REENGAGE FANS?
USA App,PROFESSIONAL,Soccer,Premier League,PREMIER LEAGUE GOAL ZONE
USA App,PROFESSIONAL,Golf,Ladies European Tour,"ARAMCO TEAM SERIES - TAMPA, FINAL ROUND"
Peacock,PROFESSIONAL,Golf,PGA,MONAHAN: 'I AM THE RIGHT PERSON' TO LEAD PGA TOUR
Peacock,COLLEGE,Football,NCAA-BIG10,MICHIGAN VS. PENN STATE - 2024-03-18
Peacock,PROFESSIONAL,Soccer,Premier League,LIVERPOOL V. LUTON TOWN
Peacock,PROFESSIONAL,Soccer,Premier League,SANTI CAZORLA
Peacock,PROFESSIONAL,Soccer,Premier League,LIVERPOOL'S 'ATTACKING QUALITY' ON DISPLAY V. BEES
Peacock,PROFESSIONAL,Soccer,Premier League,PL UPDATE: MAN UNITED SHARE POINTS WITH TOTTENHAM
Peacock,PROFESSIONAL,Soccer,Premier League,CHELSEA'S INDIVIDUAL BRILLIANCE SHINES V. MAGPIES
Peacock,PROFESSIONAL,Soccer,Premier League,EVERY TOUCH BY SON IN TOTTENHAM'S WIN V. NEWCASTLE
Peacock,PROFESSIONAL,Soccer,Premier League,BRAD FRIEDEL
Peacock,PROFESSIONAL,Soccer,Premier League,MAN UNITED V. TOTTENHAM
Peacock,PROFESSIONAL,Soccer,Premier League,WEST HAM V. BRENTFORD
NBC Sports App TVE,PROFESSIONAL,Golf,PGA,"HIGHLIGHTS: ARNOLD PALMER INVITATIONAL, ROUND 1"
Peacock,PROFESSIONAL,Soccer,Premier League,THE MOHAMED SALAH STORY AND SPECIAL GUEST TYLER ADAMS
Peacock,COLLEGE,Football,NCAA-BIG10,UNITED STATES VS. COLOMBIA (ESPAÑOL) - 2024-03-18
Peacock,PROFESSIONAL,Soccer,Premier League,PL UPDATE: TOTTENHAM UNDO NEWCASTLE
NBC Sports App TVE,PROFESSIONAL,Golf,LPGA,"ARAMCO TEAM SERIES - TAMPA, SECOND ROUND"
Peacock,COLLEGE,Football,NCAA-BIG10,MICHIGAN STATE VS. IOWA - 2024-03-19
Peacock,COLLEGE,Football,NCAA-BIG10,INDIANA VS. RUTGERS - 2024-03-19
NBC Sports App TVE,PROFESSIONAL,Basketball,NBA,PHILADELPHIA 76ERS AT CLEVELAND CAVALIERS
Peacock,PROFESSIONAL,Basketball,NBA,NOT WORRIED ABOUT WNBA PAUSING PORTLAND EXPANSION
Peacock,PROFESSIONAL,Soccer,Premier League,SOUTHAMPTON V. FULHAM HIGHLIGHTS
Peacock,PROFESSIONAL,Soccer,Premier League,MAN UNITED V. BRENTFORD HIGHLIGHTS
Peacock,COLLEGE,Football,NCAA-BIG10,WISCONSIN VS. INDIANA - 2024-03-19
Peacock,PROFESSIONAL,Soccer,Premier League,EVERY TOUCH: ODEGAARD DAZZLES AGAINST BLADES
Peacock,PROFESSIONAL,Golf,PGA,A U.S. OPEN DECADE: 2000S
usanetwork.com,PROFESSIONAL,Basketball,NBA,MIAMI HEAT AT PHILADELPHIA 76ERS
NBC Sports App TVE,PROFESSIONAL,Soccer,Premier League,WILLOCK'S HEADER REDUCES DEFICIT TO ARSENAL TO 4-1
Peacock,PROFESSIONAL,Soccer,Premier League,ARSENE WENGER HALL OF FAME SPECIAL
Peacock,PROFESSIONAL,Golf,PGA,LPGA CEMENTING ITSELF AS GLOBAL TOUR
NBC Sports App TVE,PROFESSIONAL,Basketball,NBA,CHICAGO BULLS VS. PHOENIX SUNS
nbc.com,PROFESSIONAL,Soccer,Premier League,FULHAM V. TOTTENHAM
Peacock,PROFESSIONAL,Soccer,Premier League,JAY JAY OKOCHA
Peacock,PROFESSIONAL,Golf,PGA,MY U.S. OPEN: S1 E6
NBC Sports App TVE,PROFESSIONAL,Basketball,NBA,PHILADELPHIA 76ERS AT WASHINGTON WIZARDS
NBC App,PROFESSIONAL,Ice Hockey,NHL,KINGS POSTGAME LIVE
nbc.com,PROFESSIONAL,Basketball,NBA,PORTLAND TRAILBLAZERS VS. CHICAGO BULLS
Peacock,COLLEGE,Football,NCAA-BIG10,MICHIGAN VS. PENN STATE - 2024-03-19
Peacock,PROFESSIONAL,Soccer,Premier League,VAN DIJK: DRAW V. MANCHESTER CITY IS 'BITTERSWEET'
NBC App,PROFESSIONAL,Basketball,NBA,NEW YORK KNICKS VS. GOLDEN STATE WARRIORS
Peacock,PROFESSIONAL,Soccer,Premier League,NETBUSTERS: 3.11.24
nbc.com,PROFESSIONAL,Golf,LPGA,"ARAMCO TEAM SERIES - TAMPA, SECOND ROUND"
USA App,PROFESSIONAL,Soccer,Premier League,WEST HAM UNITED VS. BRIGHTON & HOVE ALBION
NBC App,PROFESSIONAL,Soccer,Premier League,EXTENDED HLS: ASTON VILLA V. TOTTENHAM MWK 28
Peacock,PROFESSIONAL,Soccer,Premier League,BURNLEY VS. BRENTFORD HIGHLIGHTS
Peacock,PROFESSIONAL,Soccer,Premier League,"DO CHELSEA NEED TO FIRE POTTER, GAMBLE ON CL?"
Peacock,PROFESSIONAL,Golf,PGA,1962 U.S. OPEN FILM: JACK'S FIRST MAJOR
Peacock,PROFESSIONAL,Soccer,Premier League,PREMIER LEAGUE: EVERY GOAL FROM MATCHWEEK 26
Peacock,PROFESSIONAL,Soccer,Premier League,MORE THAN A MEMORY
Peacock,PROFESSIONAL,Soccer,Premier League,DJIBRIL CISSE
Peacock,PROFESSIONAL,Soccer,Premier League,MEN IN BLAZERS WITH UEFA PRESIDENT ALEKSANDER ČEFERIN
Peacock,PROFESSIONAL,Soccer,Premier League,PL REVIEW: 8.14.23
Peacock,PROFESSIONAL,Soccer,Premier League,EXTENDED HLS: FOREST V. LIVERPOOL MATCHWEEK 27
Peacock,COLLEGE,Football,NCAA-BIG10,PURDUE VS. MARYLAND - 2024-03-18
Peacock,PROFESSIONAL,Soccer,Premier League,PL UPDATE: ARSENAL ROUT WEST HAM
Peacock,PROFESSIONAL,Soccer,Premier League,PL UPDATE: LIVERPOOL ROUT LUTON TOWN
Peacock,PROFESSIONAL,Soccer,Premier League,FODEN'S HAT-TRICK FOR MANCHESTER CITY V. BRENTFORD
Peacock,PROFESSIONAL,Golf,PGA,U.S. OPEN DECADES: S1 E5
Peacock,COLLEGE,Football,NCAA-NOTRE DAME,ISAIAH FOSKEY HIGHLIGHTS FROM NOTRE DAME PRO DAY
Peacock,PROFESSIONAL,Soccer,Premier League,MAN CITY V. CHELSEA
Peacock,PROFESSIONAL,Golf,PGA,RORY MCILROY
USA App,PROFESSIONAL,Basketball,NBA,DETROIT PISTONS AT BOSTON CELTICS
NBC Sports App TVE,PROFESSIONAL,Basketball,NBA,CELTICS AT TRAIL BLAZERS
Peacock,PROFESSIONAL,Soccer,Premier League,EXTENDED HLS: BURNLEY V. LUTON TOWN MATCHWEEK 21
Peacock,PROFESSIONAL,Soccer,Premier League,WALKER: MAN CITY 'GIFTED' LIVERPOOL GOAL IN DRAW
Peacock,PROFESSIONAL,Soccer,Premier League,"SPECIAL GUESTS ERLING HAALAND, HARRY KANE AND AARON RAMSDALE"
NBC Sports App TVE,PROFESSIONAL,Basketball,NBA,MEMPHIS GRIZZLIES VS. SACRAMENTO KINGS
Peacock,PROFESSIONAL,Soccer,Premier League,PL UPDATE: WOLVES EDGE PAST SHEFFIELD UNITED
Peacock,PROFESSIONAL,Golf,PGA,2015 U.S. OPEN FILM: SPIETH'S NORTHWEST CONQUEST
Peacock,PROFESSIONAL,Soccer,Premier League,EXTENDED HLS: EVERTON V. WEST HAM MATCHWEEK 27
Peacock,PROFESSIONAL,Soccer,Premier League,EXTENDED HLS: ASTON VILLA V. MAN UNITED MWK 24
Peacock,COLLEGE,Football,NCAA-BIG10,MARYLAND VS. INDIANA - 2024-03-18
Peacock,PROFESSIONAL,Soccer,Premier League,TOTTENHAM 'GOT INTO EMERY'S HEAD' IN WIN V. VILLA
Peacock,PROFESSIONAL,Soccer,Premier League,EXTENDED HLS: LIVERPOOL V. MAN UNITED MATCHWEEK 17
Peacock,PROFESSIONAL,Soccer,Premier League,MAN CITY V. TOTTENHAM
Peacock,COLLEGE,Football,NCAA-BIG10,MICHIGAN STATE VS. NOTRE DAME - 2024-03-19
Peacock,PROFESSIONAL,Soccer,Premier League,EXTENDED HLS: NEWCASTLE V. LUTON TOWN MATCHWEEK 23
Peacock,PROFESSIONAL,Soccer,Premier League,EVERY TOUCH: HOJLUND'S BRACE UPENDS LUTON TOWN
Peacock,PROFESSIONAL,Soccer,Premier League,"PL UPDATE: WEST HAM, BRIGHTON SHARE THE SPOILS"
Peacock,COLLEGE,Football,NCAA-BIG10,IOWA VS. OHIO STATE - 2024-03-19
Peacock,COLLEGE,Football,NCAA-BIG10,MOREHEAD STATE VS. PENN STATE - 2024-03-19
usanetwork.com,PROFESSIONAL,Basketball,NBA,NEW YORK KNICKS VS. GOLDEN STATE WARRIORS
NBC App,PROFESSIONAL,Basketball,NBA,JONATHAN KUMINGA
Peacock,PROFESSIONAL,Soccer,Premier League,EXTENDED HLS: WEST HAM V. ASTON VILLA MATCHWEEK 29
NBC Sports App TVE,PROFESSIONAL,Basketball,NBA,CELTICS VS PISTONS
Peacock,PROFESSIONAL,Soccer,Premier League,PREVIEW & PREDICTION FOR PL MW29 AND FA CUP QFS
Peacock,PROFESSIONAL,Soccer,Premier League,WAYNE ROONEY'S TOP FIVE PREMIER LEAGUE GOALS AND PHIL FODEN
Bravo App,PROFESSIONAL,Basketball,NBA,NEW YORK KNICKS VS. GOLDEN STATE WARRIORS
nbc.com,PROFESSIONAL,Golf,PGA,2002
Peacock,PROFESSIONAL,Soccer,Premier League,EVERY TOUCH BY MCGINN IN VILLA'S WIN V. ARSENAL
Peacock,PROFESSIONAL,Soccer,Premier League,PL UPDATE: EVERTON STUN NEWCASTLE
NBC Sports App TVE,PROFESSIONAL,Basketball,NBA,CHICAGO BULLS VS. PORTLAND TRAIL BLAZERS
Peacock,PROFESSIONAL,Soccer,Premier League,EXTENDED HLS: MAN UNITED V. FULHAM MATCHWEEK 26
Peacock,PROFESSIONAL,Soccer,Premier League,EXTENDED HLS: BRIGHTON V. EVERTON MATCHWEEK 26
USA App,PROFESSIONAL,Soccer,Premier League,LUTON TOWN V. ASTON VILLA
Peacock,PROFESSIONAL,Soccer,Premier League,THE MAN TAKES OUT CHELSEA GREEN
Peacock,PROFESSIONAL,Golf,PGA,MY U.S. OPEN: S1 E5
Peacock,PROFESSIONAL,Soccer,Premier League,JERMAIN DEFOE
Peacock,PROFESSIONAL,Soccer,Premier League,EXTENDED HLS: CRYSTAL PALACE V. CHELSEA MWK 24
Peacock,PROFESSIONAL,Soccer,Premier League,HOW THE PL COULD GET A 5TH UCL QUALIFICATION SPOT
Peacock,PROFESSIONAL,Soccer,Premier League,FOREST'S POINTS DEDUCTION 'COULD COST THEM DEARLY'
Peacock,PROFESSIONAL,Soccer,Premier League,EVERY TOUCH: QUANSAH STEADIES REDS' DEFENSE V. BUR
NBC Sports App TVE,PROFESSIONAL,Soccer,Premier League,ANTONIO'S HEADER GIVES WEST HAM LEAD V. VILLA
Peacock,COLLEGE,Football,NCAA-BIG10,MARYLAND VS. WISCONSIN - 2024-03-18
NBC Sports App TVE,PROFESSIONAL,Soccer,Premier League,WEST HAM V. ASTON VILLA
Peacock,PROFESSIONAL,Soccer,Premier League,SOUTHAMPTON V. BOURNEMOUTH HIGHLIGHTS
Peacock,PROFESSIONAL,Golf,PGA,U.S. OPEN CLASSIC FINISHES
Peacock,PROFESSIONAL,Soccer,Premier League,BOURNEMOUTH V. MAN UNITED HIGHLIGHTS
Peacock,PROFESSIONAL,Golf,PGA,THE PLAYERS: ROUND 3
NBC Sports App TVE,PROFESSIONAL,Basketball,NBA,GOLDEN STATE WARRIORS AT SAN ANTONIO SPURS
USA App,PROFESSIONAL,Basketball,NBA,WARRIORS PREGAME
Peacock,PROFESSIONAL,Soccer,Premier League,MEN IN BLAZERS CHRIS RICHARDS SPECIAL
Peacock,PROFESSIONAL,Soccer,Premier League,JULIÁN ÁLVAREZ
Peacock,PROFESSIONAL,Soccer,Premier League,EXTENDED HLS: ASTON VILLA V. BURNLEY MATCHWEEK 20
Peacock,PROFESSIONAL,Soccer,Premier League,PL UPDATE: LIVERPOOL DISMANTLE CHELSEA
Peacock,PROFESSIONAL,Golf,PGA,RAYMOND FLOYD
Peacock,PROFESSIONAL,Golf,PGA,1999 U.S. OPEN FILM: ONE MOMENT IN TIME
Peacock,PROFESSIONAL,Soccer,Premier League,MAN UNITED V. MAN CITY (ESPAÑOL)
Peacock,COLLEGE,Football,NCAA-BIG10,USA VS. WALES (ESPAÑOL) - 2024-03-18
NBC Sports App TVE,PROFESSIONAL,Basketball,NBA,GOLDEN STATE WARRIORS AT CLEVELAND CAVALIERS
Peacock,PROFESSIONAL,Soccer,Premier League,EXTENDED HLS: EVERTON V. CHELSEA MATCHWEEK 16
NBC Sports App TVE,PROFESSIONAL,Baseball,MLB,MILWAUKEE BREWERS VS. CHICAGO WHITE SOX
Peacock,PROFESSIONAL,Soccer,Premier League,WALES V. SCOTLAND
Peacock,PROFESSIONAL,Soccer,Premier League,MANCHESTER UNITED WERE 'AWFUL' IN LOSS TO FULHAM
Peacock,PROFESSIONAL,Soccer,Premier League,FRANK MIC'D UP WITH BODY CAM DURING TRAINING
Peacock,PROFESSIONAL,Soccer,Premier League,BOBB IS A 'SPECIAL TALENT' AT MANCHESTER CITY
Peacock,PROFESSIONAL,Soccer,Premier League,EPISODE 3
Peacock,PROFESSIONAL,Soccer,Premier League,PL UPDATE: ARSENAL RALLY FOR DRAW V. CHELSEA
USA App,PROFESSIONAL,Soccer,Premier League,SHEFFIELD UNITED V. ARSENAL
Peacock,PROFESSIONAL,Soccer,Premier League,PL UPDATE: BOWEN HELPS WEST HAM HAMMER BRENTFORD
Peacock,PROFESSIONAL,Soccer,Premier League,EXTENDED HLS: WOLVES V. BURNLEY MATCHWEEK 15
Peacock,PROFESSIONAL,Soccer,Premier League,ARSENAL V. LIVERPOOL (ESPAÑOL)
Peacock,PROFESSIONAL,Soccer,Premier League,PL UPDATE: CHELSEA OUTLAST CRYSTAL PALACE
NBC App,PROFESSIONAL,Soccer,Premier League,LIVERPOOL VS. MANCHESTER CITY
Peacock,PROFESSIONAL,Soccer,Premier League,EVERY PREMIER LEAGUE GOAL FROM MATCHWEEK 34
NBC Sports App TVE,PROFESSIONAL,Golf,PGA,WHAT DOES DUNLAP GAIN WITH AMERICAN EXPRESS WIN
Peacock,PROFESSIONAL,Soccer,Premier League,NETBUSTERS: 3.4.24
Peacock,PROFESSIONAL,Basketball,NBA,"PATHS TO NBA 6MOY HONORS FOR MONK, POWELL"
Peacock,PROFESSIONAL,Soccer,Premier League,USMNT WATCH: ALL HIGHLIGHTS FROM MATCHWEEK 26
nbc.com,PROFESSIONAL,Golf,PGA,PGA TOUR'S COUNTERCLAIM ESCALATES
Peacock,COLLEGE,Football,NCAA-BIG10,WISCONSIN VS. INDIANA - 2024-03-17
Peacock,PROFESSIONAL,Soccer,Premier League,EXTENDED HLS: FOREST V. MAN UNITED MWK 20
Peacock,PROFESSIONAL,Soccer,Premier League,PREMIER LEAGUE: EVERY GOAL FROM MATCHWEEK 20
Peacock,PROFESSIONAL,Soccer,Premier League,PL STORIES
Peacock,COLLEGE,Football,NCAA-BIG10,BOSTON UNIVERSITY VS. NOTRE DAME - 2024-03-18
Peacock,PROFESSIONAL,Soccer,Premier League,JUSTIN'S LAW: FOOTBALL AND DEFIBRILLATORS
NBC Sports App TVE,PROFESSIONAL,Soccer,Premier League,EXTENDED HLS: NEWCASTLE V. LUTON TOWN MATCHWEEK 23
Peacock,PROFESSIONAL,Basketball,NBA,PATRICK: NBA SHOULD PUT CLARK IN 3-POINT CONTEST
NBC App,PROFESSIONAL,Golf,PGA,2002
Peacock,PROFESSIONAL,Soccer,Premier League,EXTENDED HLS: WEST HAM V. BURNLEY MATCHWEEK 28
Peacock,PROFESSIONAL,Soccer,Premier League,EXTENDED HLS: LUTON TOWN V. ASTON VILLA MWK 27
Peacock,PROFESSIONAL,Soccer,Premier League,PREMIER LEAGUE: EVERY GOAL FROM MATCHWEEK 16
Peacock,PROFESSIONAL,Soccer,Premier League,"JACK GREALISH, ERLING HAALAND, MIKEL ARTETA SPECIAL"
USA App,COLLEGE,Football,NCAA-BIG10,RICHMOND VS. GEORGE MASON - 2024-03-10
Peacock,PROFESSIONAL,Golf,PGA,1971 U.S. OPEN FILM: LEE TREVINO: AN AMERICAN CHAMPION
USA App,PROFESSIONAL,Soccer,Premier League,CHELSEA VS. NEWCASTLE UNITED
USA App,PROFESSIONAL,Soccer,Premier League,SHEFFIELD UNITED V. BRIGHTON
NBC App,PROFESSIONAL,Golf,PGA,THE PLAYERS CHAMPIONSHIP - FINAL ROUND
Peacock,PROFESSIONAL,Golf,PGA,MORNING NEWS NOW A 3.19.24
Peacock,COLLEGE,Football,NCAA-BIG10,MICHIGAN STATE VS. MINNESOTA - 2024-03-17
Peacock,PROFESSIONAL,Baseball,MLB,THE PRIDE OF THE YANKEES
Peacock,PROFESSIONAL,Soccer,Premier League,ANALYZING BRADLEY'S BEST MOMENTS V. CHELSEA
Peacock,PROFESSIONAL,Soccer,Premier League,JOHN MCGINN
NBC Sports App TVE,COLLEGE,Football,NCAA-BIG10,PITTSBURGH VS. NOTRE DAME - 2023-10-28
Peacock,PROFESSIONAL,Golf,PGA,THE OPEN AT ST ANDREWS
NBC Sports App TVE,PROFESSIONAL,Basketball,NBA,PORTLAND TRAILBLAZERS VS. CHICAGO BULLS
Peacock,PROFESSIONAL,Golf,PGA,2010 U.S. OPEN FILM: GRAEME MCDOWELL
Peacock,PROFESSIONAL,Soccer,Premier League,PL TITLE RACE WILL 'GO ALL THE WAY TO THE WIRE'
Peacock,PROFESSIONAL,Soccer,Premier League,MEN IN BLAZERS TED LASSO SPECIAL
Peacock,PROFESSIONAL,Soccer,Premier League,EVERY TOUCH BY WATKINS IN VILLANS' ROUT OF BLADES
NBC Sports App TVE,PROFESSIONAL,Basketball,NBA,CHICAGO BULLS PREGAME LIVE
USA App,PROFESSIONAL,Soccer,Premier League,WEST HAM UNITED VS. ASTON VILLA
Peacock,PROFESSIONAL,Soccer,Premier League,NETBUSTERS: 10.30.23
NBC Sports App TVE,PROFESSIONAL,Baseball,MLB,TORONTO BLUE JAYS AT PHILADELPHIA PHILLIES
Peacock,COLLEGE,Football,NCAA-BIG10,MICHIGAN VS. NOTRE DAME - 2024-03-18
Peacock,PROFESSIONAL,Golf,PGA,A U.S. OPEN DECADE: 1990S
Peacock,PROFESSIONAL,Soccer,Premier League,NETBUSTERS: 1.22.24
Peacock,PROFESSIONAL,Soccer,Premier League,CHELSEA 'WERE INCREDIBLE' AGAINST MANCHESTER CITY
Peacock,PROFESSIONAL,Soccer,Premier League,LOWE DOWN: CHELSEA HAVE 'A THOUSAND PROBLEMS'
USA App,PROFESSIONAL,Soccer,Premier League,WEST HAM V. ASTON VILLA
NBC Sports App TVE,PROFESSIONAL,Basketball,NBA,GOLDEN STATE WARRIORS AT NEW YORK KNICKS
Peacock,COLLEGE,Football,NCAA-BIG10,IOWA VS. PURDUE - 2024-03-17
NBC Sports App TVE,PROFESSIONAL,Soccer,Premier League,EXTENDED HLS: WEST HAM V. ASTON VILLA MATCHWEEK 29
Peacock,PROFESSIONAL,Soccer,Premier League,USMNT WATCH: TOP PLAYS FROM MATCHWEEK 16
Peacock,PROFESSIONAL,Soccer,Premier League,EXTENDED HLS: CHELSEA V. BRIGHTON MATCHWEEK 14
Peacock,PROFESSIONAL,Golf,PGA,"HIGHLIGHTS: BLUE BAY LPGA, ROUND 2"
Peacock,COLLEGE,Football,NCAA-BIG10,INDIANA VS. MARYLAND - 2024-03-19
Peacock,COLLEGE,Football,NCAA-BIG10,MICHIGAN STATE VS. INDIANA - 2024-03-18
NBC Sports App TVE,PROFESSIONAL,Soccer,Premier League,FULHAM V. TOTTENHAM
USA App,PROFESSIONAL,Soccer,Premier League,PREMIER LEAGUE MORNINGS
Peacock,COLLEGE,Football,NCAA-BIG10,PRINCETON VS. RUTGERS - 2024-03-18
Peacock,PROFESSIONAL,Soccer,Premier League,CAN MAN UNITED DASH LIVERPOOL'S QUADRUPLE DREAM?
Peacock,PROFESSIONAL,Soccer,Premier League,EXTENDED HLS: BRENTFORD V. LIVERPOOL MATCHWEEK 25
nbc.com,PROFESSIONAL,Basketball,NBA,CELTICS PREGAME LIVE
NBC App,PROFESSIONAL,Soccer,Premier League,LOWE DOWN: PREMIER LEAGUE FAN FEST PREVIEW
Peacock,PROFESSIONAL,Soccer,Premier League,WAYNE ROONEY
Peacock,PROFESSIONAL,Soccer,Premier League,EXTENDED HLS: LIVERPOOL V. NEWCASTLE MATCHWEEK 20
Peacock,PROFESSIONAL,Soccer,Premier League,NKUNKU DETAILS KEY TAKEAWAYS FROM PL SUMMER SERIES
NBC App,PROFESSIONAL,Basketball,NBA,WARRIORS PREGAME
Peacock,PROFESSIONAL,Basketball,NBA,WILL CELTICS' TATUM BE THE NEXT FACE OF THE NBA?
Peacock,PROFESSIONAL,Ice Hockey,NHL,NBC NEWS DAILY WITH KATE SNOW AND ZINHLE ESSAMUAH
Peacock,PROFESSIONAL,Soccer,Premier League,WALES VS. FRANCE
NBC Sports App TVE,PROFESSIONAL,Golf,PGA,2002
Peacock,PROFESSIONAL,Soccer,Premier League,MAN CITY V. LIVERPOOL
Peacock,PROFESSIONAL,Golf,PGA,BILLY CASPER
Peacock,PROFESSIONAL,Soccer,Premier League,"TOP GOALS, SKILLS & SAVES: MATCHWEEK 13 (2023-24)"
Peacock,PROFESSIONAL,Soccer,Premier League,EXTENDED HLS: FOREST V. NEWCASTLE MATCHWEEK 24
Peacock,PROFESSIONAL,Soccer,Premier League,BRIGHTON ACCESS ALL AREAS
NBC Sports App TVE,PROFESSIONAL,Basketball,NBA,CELTICS POSTGAME LIVE
Peacock,PROFESSIONAL,Soccer,Premier League,MORNING NEWS NOW C 3.19.24
Peacock,PROFESSIONAL,Soccer,Premier League,EXTENDED HLS: ASTON VILLA V. ARSENAL MATCHWEEK 16
Peacock,COLLEGE,Football,NCAA-BIG10,CANADA VS. JAPAN (ESPAÑOL) - 2024-03-19
Peacock,COLLEGE,Football,NCAA-BIG10,WISCONSIN VS. NOTRE DAME - 2024-03-19
NBC App,PROFESSIONAL,Basketball,NBA,MIAMI HEAT AT PHILADELPHIA 76ERS
Peacock,PROFESSIONAL,Soccer,Premier League,PL UPDATE: ARSENAL STUN LIVERPOOL
Peacock,PROFESSIONAL,Soccer,Premier League,KULUSEVSKI'S MASTERCLASS ON EVOLVING AS A WINGER
Peacock,PROFESSIONAL,Golf,PGA,NICKLAUS: PGA TOUR STRUCTURE IS 'PRETTY DARN GOOD'
Peacock,PROFESSIONAL,Soccer,Premier League,CHELSEA V. ARSENAL
NBC App,PROFESSIONAL,Soccer,Premier League,LIVERPOOL V. MAN CITY
Peacock,PROFESSIONAL,Soccer,Premier League,TOP PL GOALS AND SAVES FROM MATCHWEEK 30
Peacock,PROFESSIONAL,Soccer,Premier League,BRENTFORD V. CHELSEA
Peacock,PROFESSIONAL,Soccer,Premier League,PL UPDATE: GALLAGHER LIFTS CHELSEA PAST PALACE
Peacock,PROFESSIONAL,Soccer,Premier League,EXTENDED HLS: BOURNEMOUTH V. FOREST MATCHWEEK 23
Peacock,PROFESSIONAL,Soccer,Premier League,PL UPDATE: CHELSEA OUTLAST BRIGHTON
Peacock,PROFESSIONAL,Soccer,Premier League,EXTENDED HLS: BLADES V. ASTON VILLA MWK 23
Peacock,PROFESSIONAL,Soccer,Premier League,PATRICK VIEIRA
Peacock,PROFESSIONAL,Golf,PGA,U.S. OPEN DECADES: S1 E7
Peacock,PROFESSIONAL,Golf,PGA,U.S. OPEN CLASSIC FINISHES: S1 E2
Peacock,PROFESSIONAL,Soccer,Premier League,SILVA'S HEADER GIVES CHELSEA LEAD AGAINST FULHAM
Peacock,COLLEGE,Football,NCAA-BIG10,MICHIGAN STATE VS. MINNESOTA - 2024-03-18
Peacock,PROFESSIONAL,Golf,PGA,RELIVING GREAT ARNOLD PALMER INVITATIONAL MOMENTS
Peacock,PROFESSIONAL,Soccer,Premier League,FULHAM TAKE ADVANTAGE OF SPURS' AGGRESSIVE TACTICS
Peacock,PROFESSIONAL,Golf,PGA,HALE IRWIN
Peacock,PROFESSIONAL,Soccer,Premier League,TOTTENHAM THE PREMIER LEAGUE'S 'MOST FLUID TEAM'
Peacock,COLLEGE,Football,NCAA-BIG10,IOWA VS. MINNESOTA - 2024-03-17
Peacock,PROFESSIONAL,Soccer,Premier League,UNPACKING LIVERPOOL'S CONTROVERSIAL WIN V. FOREST
Peacock,PROFESSIONAL,Soccer,Premier League,EXTENDED HLS: LUTON TOWN V. CHELSEA MATCHWEEK 20
NBC App,PROFESSIONAL,Basketball,NBA,"THRILLS, SPILLS AND A CAT DADDY"
Peacock,PROFESSIONAL,Soccer,Premier League,GOAL RUSH: MATCHWEEK 28
Peacock,PROFESSIONAL,Golf,PGA,LEE TREVINO
NBC Sports App TVE,PROFESSIONAL,Soccer,Premier League,LIVERPOOL V. MAN CITY
Peacock,PROFESSIONAL,Baseball,MLB,VOTTO OPENS UP ON THE STRUGGLES OF MLB FREE AGENCY
NBC Sports App TVE,PROFESSIONAL,Soccer,Premier League,POSTECOGLOU: SPURS 'LACKED CONVICTION' V. FULHAM
Peacock,PROFESSIONAL,Soccer,Premier League,BRAZIL: WORLD CUP SPECIAL
Peacock,COLLEGE,Football,NCAA-BIG10,USC UPSTATE VS. MINNESOTA - 2024-03-19
Peacock,PROFESSIONAL,Golf,PGA,BRYSON DECHAMBEAU 2020: EVERY TELEVISED SHOT
Peacock,PROFESSIONAL,Golf,PGA,WAGNER'S BEST MOMENTS AT THE PLAYERS CHAMPIONSHIP
Peacock,PROFESSIONAL,Golf,PGA,2019 GARY WOODLAND
Peacock,PROFESSIONAL,Golf,PGA,A U.S. OPEN DECADE: 1960S
Peacock,PROFESSIONAL,Soccer,Premier League,EXTENDED HLS: MAN UNITED V. TOTTENHAM MATCHWEEK 21
NBC Sports App TVE,PROFESSIONAL,Basketball,NBA,CLEVELAND CAVALIERS AT PHILADELPHIA 76ERS
Peacock,PROFESSIONAL,Soccer,Premier League,NETBUSTERS: 2.12.24
NBC Sports App TVE,PROFESSIONAL,Soccer,Premier League,EXTENDED HLS: LIVERPOOL V. MAN CITY MATCHWEEK 28
NBC App,PROFESSIONAL,Basketball,NBA,CHARLOTTE HORNETS AT PHILADELPHIA 76ERS
Peacock,PROFESSIONAL,Golf,PGA,THE PLAYERS: ROUND 4
Peacock,PROFESSIONAL,Golf,PGA,TIGER WOODS
Peacock,PROFESSIONAL,Soccer,Premier League,BURNLEY V. BOURNEMOUTH
Peacock,COLLEGE,Football,NCAA-BIG10,OHIO STATE VS. NEBRASKA - 2024-03-18
Peacock,PROFESSIONAL,Soccer,Premier League,TOTTENHAM V. MAN UNITED
Peacock,PROFESSIONAL,Basketball,NBA,WNBA FINES LIBERTY FOR DECLINING INTERVIEWS
Peacock,COLLEGE,Football,NCAA-BIG10,MICHIGAN VS. PURDUE - 2024-03-18
NBC Sports App TVE,PROFESSIONAL,Basketball,NBA,JAZZ VS CELTICS
Peacock,PROFESSIONAL,Soccer,Premier League,PREMIER LEAGUE: EVERY GOAL FROM MATCHWEEK 8
Peacock,PROFESSIONAL,Soccer,Premier League,PL UPDATE: VAR DENIES HAMMERS LATE-WINNER V. VILLA
Peacock,PROFESSIONAL,Soccer,Premier League,EXTENDED HLS: NOTTINGHAM FOREST V. WEST HAM MWK 25
Peacock,PROFESSIONAL,Soccer,Premier League,PL SUMMER SERIES
Peacock,COLLEGE,Football,NCAA-BIG10,ARIZONA VS. PURDUE - 2024-03-19
Peacock,PROFESSIONAL,Soccer,Premier League,MAN UNITED V. MAN CITY
nbc.com,PROFESSIONAL,Golf,LPGA,"ARAMCO TEAM SERIES - TAMPA, FINAL ROUND"
Peacock,PROFESSIONAL,Soccer,Premier League,SALAH HAS 'REDEFINED' THE ROLE OF A PL WINGER
NBC Sports App TVE,PROFESSIONAL,Ice Hockey,NHL,ST. LOUIS BLUES AT PHILADELPHIA FLYERS
Peacock,COLLEGE,Football,NCAA-BIG10,JAPAN VS. BRAZIL (ESPAÑOL) - 2024-03-18
Peacock,PROFESSIONAL,Soccer,Premier League,EXTENDED HLS: WOLVES V. NOTTINGHAM FOREST MWK 16
Peacock,PROFESSIONAL,Soccer,Premier League,CRYSTAL PALACE V. LUTON TOWN
Peacock,COLLEGE,Football,NCAA-BIG10,MINNESOTA VS. NOTRE DAME - 2024-03-18
Peacock,PROFESSIONAL,Soccer,Premier League,IAN WRIGHT
Peacock,PROFESSIONAL,Soccer,Premier League,NETBUSTERS: 12.4.23
USA App,PROFESSIONAL,Soccer,Premier League,CRYSTAL PALACE VS. LUTON TOWN
NBC Sports App TVE,PROFESSIONAL,Baseball,MLB,MILWAUKEE BREWERS AT CHICAGO WHITE SOX
Peacock,PROFESSIONAL,Soccer,Premier League,PL UPDATE: MAN UNITED DOWN CHELSEA
Peacock,PROFESSIONAL,Soccer,Premier League,MAN CITY V. LIVERPOOL (ESPAÑOL)
NBC App,PROFESSIONAL,Basketball,NBA,WARRIORS POSTGAME
NBC Sports App TVE,PROFESSIONAL,Golf,Ladies European Tour,"ARAMCO TEAM SERIES - TAMPA, SECOND ROUND"
Peacock,PROFESSIONAL,Soccer,Premier League,ARSENAL WERE 'ALMOST PERFECT' V. CRYSTAL PALACE
Peacock,PROFESSIONAL,Soccer,Premier League,TOTTENHAM V. CHELSEA
Peacock,COLLEGE,Football,NCAA-BIG10,PRINCETON VS. RUTGERS - 2024-03-19
Peacock,PROFESSIONAL,Golf,PGA,MARTIN KAYMER'S 2014 U.S. OPEN PERFORMANCE
NBC Sports App TVE,PROFESSIONAL,Soccer,Premier League,PL UPDATE: MANCHESTER CITY EDGE PAST BRENTFORD
Peacock,PROFESSIONAL,Soccer,Premier League,WHY LIVERPOOL'S JOTA DESERVES MORE PRAISE
Peacock,PROFESSIONAL,Soccer,Premier League,PREMIER LEAGUE: EVERY GOAL FROM MATCHWEEK 28
Peacock,PROFESSIONAL,Golf,PGA,1972 U.S. OPEN FILM: JACK NICKLAUS
NBC Sports App TVE,PROFESSIONAL,Golf,PGA,THE PLAYERS CHAMPIONSHIP - FINAL ROUND
Peacock,PROFESSIONAL,Soccer,Premier League,CUCURELLA: CHELSEA LEARNING FROM MISTAKES
Peacock,PROFESSIONAL,Golf,PGA,USGA HISTORY MAKERS: S1 E2
Peacock,PROFESSIONAL,Soccer,Premier League,INSIDE THE SPURS ACADEMY
Peacock,PROFESSIONAL,Golf,PGA,U.S. OPEN DECADES (TRAILER)
Peacock,PROFESSIONAL,Soccer,Premier League,PL UPDATE: LIVERPOOL SURVIVE SCARE V. LUTON TOWN
Peacock,COLLEGE,Football,NCAA-BIG10,MICHIGAN VS. ILLINOIS - 2024-03-18
Peacock,PROFESSIONAL,Soccer,Premier League,EXTENDED HLS: CHELSEA V. WOLVES MATCHWEEK 23
NBC Sports App TVE,PROFESSIONAL,Soccer,Premier League,"EXTENDED HLS: BURNLEY 2, BRENTFORD 1"
Peacock,PROFESSIONAL,Soccer,Premier League,PL REVIEW: 10.8.23
Peacock,COLLEGE,Football,NCAA-BIG10,INDIANA VS. OHIO STATE - 2024-03-18
Peacock,PROFESSIONAL,Soccer,Premier League,EXTENDED HLS: MAN UNITED V. CHELSEA MATCHWEEK 15
USA App,PROFESSIONAL,Soccer,Premier League,LOWE DOWN: PREMIER LEAGUE FAN FEST PREVIEW
Peacock,PROFESSIONAL,Soccer,Premier League,EXTENDED HLS: EVERTON V. TOTTENHAM MATCHWEEK 23
Peacock,PROFESSIONAL,Soccer,Premier League,EXTENDED HLS: BOURNEMOUTH V. FULHAM MATCHWEEK 19
Peacock,COLLEGE,Football,NCAA-BIG10,UNITED STATES VS. GERMANY (ESPAÑOL) - 2024-03-18
nbc.com,PROFESSIONAL,Golf,Ladies European Tour,"ARAMCO TEAM SERIES - TAMPA, SECOND ROUND"
Peacock,PROFESSIONAL,Basketball,NBA,MIAMI HEAT READY TO TAKE ON DENVER NUGGETS
Peacock,PROFESSIONAL,Soccer,Premier League,LIVERPOOL UNDERGOING 'HUGE PERIOD OF CHANGE'
Peacock,PROFESSIONAL,Soccer,Premier League,PARK MEETS SON
NBC App,PROFESSIONAL,Basketball,NBA,NEW YORK KNICKS AT GOLDEN STATE WARRIORS
Peacock,PROFESSIONAL,Golf,LPGA,LPGA CEMENTING ITSELF AS GLOBAL TOUR
Peacock,COLLEGE,Football,NCAA-BIG10,NORTHWESTERN VS. PURDUE - 2024-03-17
NBC Sports App TVE,PROFESSIONAL,Basketball,NBA,CHICAGO BULLS VS. ORLANDO MAGIC
Peacock,PROFESSIONAL,Soccer,Premier League,WOOD'S HAT-TRICK FOR FOREST V. NEWCASTLE
Peacock,COLLEGE,Football,NCAA-BIG10,PURDUE VS. ILLINOIS - 2024-03-18
Peacock,PROFESSIONAL,Soccer,Premier League,BURNLEY V. BRENTFORD
Peacock,PROFESSIONAL,Soccer,Premier League,WOLVES V. SHEFFIELD UNITED
Peacock,PROFESSIONAL,Soccer,Premier League,EXTENDED HLS: BURNLEY V. BOURNEMOUTH MATCHWEEK 27
Peacock,PROFESSIONAL,Golf,PGA,"UNPACKING PGA TOUR PLAYER DIRECTOR, PIF MEETING"
NBC App,PROFESSIONAL,Ice Hockey,NHL,PHILADELPHIA FLYERS AT BOSTON BRUINS
NBC Sports App TVE,PROFESSIONAL,Soccer,Premier League,EXTENDED HLS: LUTON TOWN V. FOREST MATCHWEEK 29
Peacock,PROFESSIONAL,Soccer,Premier League,LIVERPOOL V. MAN UNITED (ESPAÑOL)
Peacock,PROFESSIONAL,Soccer,Premier League,"PALMER SHINES, CHELSEA SURVIVE SCARE V. LUTON TOWN"
NBC Sports App TVE,PROFESSIONAL,Soccer,Premier League,PL UPDATE: FULHAM SHOCK TOTTENHAM
Peacock,PROFESSIONAL,Soccer,Premier League,STONES: CITY'S DRAW V. LIVERPOOL 'A GOOD RESULT'
Peacock,COLLEGE,Football,NCAA-BIG10,UNITED STATES VS. OMAN (ESPAÑOL) - 2024-03-19
NBC Sports App TVE,PROFESSIONAL,Basketball,NBA,GOLDEN STATE WARRIORS AT TORONTO RAPTORS
Peacock,PROFESSIONAL,Soccer,Premier League,EPISODE 4
USA App,PROFESSIONAL,Soccer,Premier League,ANTONIO'S HEADER GIVES WEST HAM LEAD V. VILLA
NBC Sports App TVE,PROFESSIONAL,Golf,PGA,PORSCHE SINGAPORE CLASSIC - RD 2
Peacock,PROFESSIONAL,Golf,PGA,"2020 U.S. OPEN FILM: ROUND 4, EXTENDED HIGHLIGHTS"
Peacock,COLLEGE,Football,NCAA-BIG10,IOWA VS. INDIANA - 2024-03-18
Peacock,PROFESSIONAL,Golf,PGA,2004 U.S. OPEN FILM: RETIEF GOOSEN
Peacock,PROFESSIONAL,Soccer,Premier League,ARSENAL V. MAN UNITED
Peacock,COLLEGE,Football,NCAA-BIG10,JACKSON STATE VS. NORTHWESTERN - 2024-03-19
Peacock,PROFESSIONAL,Soccer,Premier League,EXTENDED HLS: CRYSTAL PALACE V. BRIGHTON MWK 18
Peacock,PROFESSIONAL,Soccer,Premier League,EXTENDED HLS: ARSENAL V. PALACE MATCHWEEK 21
Peacock,PROFESSIONAL,Soccer,Premier League,CHRISTIAN ATSU
Peacock,PROFESSIONAL,Soccer,Premier League,A BAD DAY
NBC Sports App TVE,PROFESSIONAL,Basketball,NBA,MILWAUKEE BUCKS VS. SACRAMENTO KINGS
Peacock,PROFESSIONAL,Soccer,Premier League,HAVE ARSENAL BLOWN THE PREMIER LEAGUE TITLE?
Peacock,PROFESSIONAL,Soccer,Premier League,ARSENAL V. TOTTENHAM
Peacock,PROFESSIONAL,Soccer,Premier League,WEST HAM V. ASTON VILLA
Peacock,PROFESSIONAL,Golf,PGA,GRAEME MCDOWELL
NBC Sports App TVE,PROFESSIONAL,Basketball,NBA,PORTLAND TRAIL BLAZERS AT CHICAGO BULLS
Peacock,PROFESSIONAL,Soccer,Premier League,PL UPDATE: EVERTON SALVAGE CRUCIAL POINT V. PALACE
Peacock,PROFESSIONAL,Soccer,Premier League,EXTENDED HLS: BRENTFORD V. FOREST MATCHWEEK 21
NBC Sports App TVE,PROFESSIONAL,Soccer,Premier League,PREMIER LEAGUE MORNINGS
NBC Sports App TVE,PROFESSIONAL,Basketball,NBA,FESTA AL LAGO PT. 2
Peacock,PROFESSIONAL,Soccer,Premier League,TOTTENHAM V. BOURNEMOUTH HIGHLIGHTS
Peacock,PROFESSIONAL,Soccer,Premier League,LUTON TOWN V. NOTT'M FOREST
Peacock,COLLEGE,Football,NCAA-BIG10,RUTGERS VS. MINNESOTA - 2024-03-18
Peacock,PROFESSIONAL,Soccer,Premier League,IS FERNANDES BECOMING A LIABILITY FOR CHELSEA?
Peacock,COLLEGE,Football,NCAA-BIG10,ILLINOIS VS. NOTRE DAME - 2024-03-19
NBC App,PROFESSIONAL,Golf,LPGA,"ARAMCO TEAM SERIES - TAMPA, FINAL ROUND"
Peacock,PROFESSIONAL,Soccer,Premier League,TOTTENHAM V. LIVERPOOL
Peacock,COLLEGE,Football,NCAA-BIG10,RUTGERS VS. MARYLAND - 2024-03-17
USA App,PROFESSIONAL,Basketball,NBA,NEW YORK KNICKS AT GOLDEN STATE WARRIORS
Peacock,PROFESSIONAL,Soccer,Premier League,EXTENDED HLS: CHELSEA V. CRYSTAL PALACE MWK 19
Peacock,PROFESSIONAL,Soccer,Premier League,PREMIER LEAGUE: EVERY GOAL FROM MATCHWEEK 18
Peacock,PROFESSIONAL,Soccer,Premier League,PREMIER LEAGUE: EVERY GOAL FROM MATCHWEEK 5
Peacock,PROFESSIONAL,Soccer,Premier League,LIVERPOOL HAVE 'AN INCREDIBLE OPPORTUNITY' V. CITY
Peacock,COLLEGE,Football,NCAA-BIG10,USA VS. WALES (ESPAÑOL) - 2024-03-19
nbc.com,PROFESSIONAL,Basketball,NBA,MEMPHIS GRIZZLIES AT SACRAMENTO KINGS
Peacock,PROFESSIONAL,Soccer,Premier League,NOTTINGHAM FOREST V. SHEFFIELD UNITED HIGHLIGHTS
Peacock,PROFESSIONAL,Soccer,Premier League,BRADLEY CAN BE LIVERPOOL'S 'BONA FIDE RIGHT BACK'
Peacock,PROFESSIONAL,Baseball,MLB,CHRISTMAS IN THE ROCKIES
Peacock,PROFESSIONAL,Soccer,Premier League,EXTENDED HLS: WOLVES V. MAN UNITED MATCHWEEK 22
Peacock,PROFESSIONAL,Soccer,Premier League,PL UPDATE: TOTTENHAM PICK APART CHERRIES
NBC Sports App TVE,PROFESSIONAL,Baseball,MLB,CLEVELAND GUARDIANS VS. SAN FRANCISCO GIANTS
Peacock,PROFESSIONAL,Soccer,Premier League,NETHERLANDS: WORLD CUP SPECIAL
NBC App,PROFESSIONAL,Basketball,NBA,WASHINGTON WIZARDS VS. CHICAGO BULLS
Peacock,PROFESSIONAL,Basketball,NBA,BUCKS' LILLARD: NBA IS 'CONSTANTLY EVOLVING'
Peacock,PROFESSIONAL,Soccer,Premier League,WOOD TUCKS AWAY FOREST'S OPENER V. LUTON TOWN
Peacock,COLLEGE,Football,NCAA-BIG10,UNITED STATES VS. GERMANY (ESPAÑOL) - 2024-03-19
Peacock,COLLEGE,Football,NCAA-BIG10,LE MOYNE VS. PENN STATE - 2024-03-18
Peacock,PROFESSIONAL,Soccer,Premier League,GUARDIOLA: LIVERPOOL 'ARE AN INCREDIBLE TEAM'
Peacock,PROFESSIONAL,Basketball,NBA,PHOENIX SUNS OWNER TO SELL AFTER ALLEGED MISCONDUCT
Peacock,PROFESSIONAL,Basketball,NBA,SINBAD: WHERE U BEEN?
NBC Sports App TVE,PROFESSIONAL,Basketball,NBA,CHICAGO BULLS POSTGAME LIVE
Peacock,COLLEGE,Football,NCAA-BIG10,OHIO STATE VS. WISCONSIN - 2024-03-18
Peacock,PROFESSIONAL,Golf,PGA,A U.S. OPEN DECADE: 1970S
Peacock,COLLEGE,Football,NCAA-BIG10,MARYLAND VS. WISCONSIN - 2024-03-19
Peacock,COLLEGE,Football,NCAA-BIG10,MICHIGAN STATE VS. MINNESOTA - 2024-03-19
Peacock,PROFESSIONAL,Soccer,Premier League,EVERY ODEGAARD TOUCH IN ARSENAL'S WIN V. LIVERPOOL
NBC Sports App TVE,PROFESSIONAL,Baseball,MLB,NEW YORK YANKEES AT PHILADELPHIA PHILLIES
Peacock,PROFESSIONAL,Soccer,Premier League,LOWE DOWN: ARSENAL ARE PL TITLE FAVORITES
Peacock,PROFESSIONAL,Soccer,Premier League,EXTENDED HLS: ARSENAL V. BRIGHTON MATCHWEEK 17
Peacock,PROFESSIONAL,Golf,PGA,"HIGHLIGHTS: ARNOLD PALMER INVITATIONAL, ROUND 4"
Peacock,COLLEGE,Football,NCAA-BIG10,BRAZIL VS. CANADA (ESPAÑOL) - 2024-03-18
Peacock,PROFESSIONAL,Soccer,Premier League,PL UPDATE: TOTTENHAM DOWN NOTTINGHAM FOREST
Peacock,PROFESSIONAL,Soccer,Premier League,EXTENDED HLS: MAN CITY V. MAN UNITED MATCHWEEK 27
Peacock,COLLEGE,Football,NCAA-BIG10,OHIO STATE VS. MINNESOTA - 2024-03-19
Peacock,PROFESSIONAL,Soccer,Premier League,EVERY MCTOMINAY TOUCH IN MAN UTD'S WIN V. CHELSEA
NBC Sports App TVE,PROFESSIONAL,Baseball,MLB,OAKLAND A'S VS. SAN FRANCISCO GIANTS
nbc.com,PROFESSIONAL,Golf,PGA,THE PLAYERS CHAMPIONSHIP
Peacock,PROFESSIONAL,Soccer,Premier League,EVERY TOUCH: BAILEY PACES VILLANS PAST FOREST
NBC Sports App TVE,COLLEGE,Football,NCAA-BIG10,DUQUESNE VS. DAYTON - 2024-03-15
Peacock,COLLEGE,Football,NCAA-BIG10,NEBRASKA VS. OREGON STATE - 2024-03-18
Peacock,PROFESSIONAL,Soccer,Premier League,PL UPDATE: FODEN'S HAT-TRICK GUIDES CITY PAST BEES
NBC Sports App TVE,PROFESSIONAL,Golf,LPGA,"ARAMCO TEAM SERIES - TAMPA, FINAL ROUND"
Peacock,PROFESSIONAL,Soccer,Premier League,EVERY TOUCH: TROSSARD FLOURISHES AS FALSE 9 V. WHU
Peacock,COLLEGE,Basketball,NCAA-NOTRE DAME,ILLINOIS VS. NOTRE DAME
USA App,PROFESSIONAL,Soccer,Premier League,PREMIER LEAGUE LIVE
Peacock,PROFESSIONAL,Soccer,Premier League,MAN UNITED V. NOTTINGHAM FOREST HIGHLIGHTS
Peacock,COLLEGE,Football,NCAA-BIG10,NEBRASKA VS. OHIO STATE - 2024-03-18
Peacock,COLLEGE,Football,NCAA-BIG10,OHIO STATE VS. NOTRE DAME - 2024-03-18
NBC Sports App TVE,PROFESSIONAL,Basketball,NBA,NEW YORK KNICKS AT SACRAMENTO KINGS
NBC Sports App TVE,PROFESSIONAL,Golf,PGA,"MEXICO OPEN, THIRD ROUND"
NBC Sports App TVE,PROFESSIONAL,Basketball,NBA,CELTICS VS WIZARDS
Peacock,PROFESSIONAL,Soccer,Premier League,ERIK TEN HAG
Peacock,PROFESSIONAL,Golf,PGA,USGA HISTORY MAKERS: S1 E3
NBC App,PROFESSIONAL,Basketball,NBA,I NEED TO PAY MY BILLS!
Peacock,PROFESSIONAL,Soccer,Premier League,WOLVES V. FULHAM
Peacock,PROFESSIONAL,Soccer,Premier League,MAN UNITED V. TOTTENHAM (ESPAÑOL)
Peacock,PROFESSIONAL,Soccer,Premier League,THE HALL OF FAME
Peacock,COLLEGE,Football,NCAA-BIG10,WISCONSIN VS. IOWA - 2024-03-19
Peacock,PROFESSIONAL,Soccer,Premier League,CRYSTAL PALACE V. BURNLEY
Peacock,PROFESSIONAL,Soccer,Premier League,WEST HAM: THE PROUD BUBBLE BLOWERS OF EAST LONDON
Peacock,PROFESSIONAL,Soccer,Premier League,EXTENDED HLS: BURNLEY V. FULHAM MATCHWEEK 23
USA App,PROFESSIONAL,Soccer,Premier League,LIVERPOOL V. MAN CITY
USA App,PROFESSIONAL,Soccer,Premier League,EXTENDED HLS: WEST HAM V. ASTON VILLA MATCHWEEK 29
Peacock,PROFESSIONAL,Soccer,Premier League,NETBUSTERS: 10.9.23
Peacock,PROFESSIONAL,Baseball,MLB,MLB PLAYERS ARRIVE FOR TRAINING CAMPS
Peacock,PROFESSIONAL,Soccer,Premier League,PL REVIEW: 2.19.24
NBC Sports App TVE,PROFESSIONAL,Basketball,NBA,SACRAMENTO KINGS AT MIAMI HEAT
Peacock,PROFESSIONAL,Soccer,Premier League,EVERTON FRUSTRATE ASTON VILLA IN 'NASTY' CLASH
Peacock,COLLEGE,Football,NCAA-BIG10,MICHIGAN VS. IOWA - 2024-03-18
Peacock,PROFESSIONAL,Soccer,Premier League,EXTENDED HLS: TOTTENHAM V. NEWCASTLE MATCHWEEK 16
Peacock,PROFESSIONAL,Soccer,Premier League,WRIGHT: PREMIER LEAGUE TITLE IS ARSENAL'S TO LOSE
Peacock,PROFESSIONAL,Golf,PGA,1984 U.S. OPEN PLAYOFF ROUND
Peacock,PROFESSIONAL,Soccer,Premier League,MAN CITY V. BRENTFORD
Peacock,PROFESSIONAL,Soccer,Premier League,MARK NOBLE
NBC Sports App TVE,PROFESSIONAL,Basketball,NBA,CELTICS VS PACERS
Peacock,PROFESSIONAL,Golf,PGA,2018 BROOKS KOEPKA
Peacock,PROFESSIONAL,Soccer,Premier League,EVERY TOUCH: SON LEADS SPURS IN PALACE COMEBACK
Peacock,PROFESSIONAL,Soccer,Premier League,EXTENDED HLS: NEWCASTLE V. MAN CITY MATCHWEEK 21
Peacock,PROFESSIONAL,Soccer,Premier League,NETBUSTERS: 2.26.24
Peacock,PROFESSIONAL,Soccer,Premier League,CLAUDIO RANIERI
USA App,PROFESSIONAL,Golf,PGA,GENESIS INVITATIONAL - RD 2
Peacock,COLLEGE,Football,NCAA-BIG10,OHIO STATE VS. WISCONSIN - 2024-03-17
Peacock,PROFESSIONAL,Golf,PGA,JORDAN SPIETH
Peacock,PROFESSIONAL,Soccer,Premier League,EXTENDED HLS: TOTTENHAM V. WOLVES MATCHWEEK 25
NBC Sports App TVE,PROFESSIONAL,Basketball,NBA,CHARLOTTE HORNETS AT PHILADELPHIA 76ERS
NBC App,PROFESSIONAL,Basketball,NBA,DETROIT PISTONS AT BOSTON CELTICS
USA App,PROFESSIONAL,Soccer,Premier League,FULHAM V. TOTTENHAM
Peacock,COLLEGE,Football,NCAA-BIG10,PENN STATE VS. NOTRE DAME - 2024-03-18
Peacock,PROFESSIONAL,Soccer,Premier League,EXTENDED HLS: WOLVES V. EVERTON MATCHWEEK 20
Peacock,PROFESSIONAL,Soccer,Premier League,EXTENDED HLS: FULHAM V. ARSENAL MATCHWEEK 20
Peacock,PROFESSIONAL,Soccer,Premier League,EXTENDED HLS: NEWCASTLE V. FOREST MATCHWEEK 19
Peacock,PROFESSIONAL,Soccer,Premier League,"EXTENDED HIGHLIGHTS: LEEDS 2, NOTTINGHAM FOREST 1"
Peacock,PROFESSIONAL,Soccer,Premier League,ARSENAL V. NEWCASTLE (ESPAÑOL)
Peacock,COLLEGE,Football,NCAA-BIG10,RUTGERS VS. MINNESOTA - 2024-03-17
NBC App,PROFESSIONAL,Golf,Ladies European Tour,"ARAMCO TEAM SERIES - TAMPA, FINAL ROUND"
Peacock,PROFESSIONAL,Soccer,Premier League,SHEFFIELD UNITED V. BRIGHTON
Syfy App,PROFESSIONAL,Ice Hockey,NHL,NBC NEWS DAILY WITH KATE SNOW AND ZINHLE ESSAMUAH
Peacock,PROFESSIONAL,Golf,PGA,MY U.S. OPEN: S1 E8
Peacock,PROFESSIONAL,Soccer,Premier League,NETBUSTERS: 12.7.23
usanetwork.com,PROFESSIONAL,Ice Hockey,NHL,TORONTO MAPLE LEAFS AT PHILADELPHIA FLYERS
Peacock,PROFESSIONAL,Soccer,Premier League,EMMANUEL EBOUÉ
Peacock,PROFESSIONAL,Soccer,Premier League,WALES V. ITALY
Peacock,PROFESSIONAL,Soccer,Premier League,LIVERPOOL V. MAN UNITED
Peacock,PROFESSIONAL,Soccer,Premier League,EVERTON V. CRYSTAL PALACE
NBC App,PROFESSIONAL,Basketball,NBA,CELTICS VS PISTONS
Peacock,PROFESSIONAL,Soccer,Premier League,HLS: IOWBI & BASSEY COMBINE TO SHOCK MAN UNITED
Peacock,PROFESSIONAL,Soccer,Premier League,LIVERPOOL V. CHELSEA
NBC Sports App TVE,PROFESSIONAL,Basketball,NBA,MEMPHIS GRIZZLIES AT PHILADELPHIA 76ERS
Peacock,PROFESSIONAL,Soccer,Premier League,EVERY TOUCH: HAALAND SNAPS GOAL DROUGHT V. EVERTON
Peacock,COLLEGE,Football,NCAA-NOTRE DAME,HIGHLIGHTS: NOTRE DAME DOMINATES PITTSBURGH
NBC Sports App TVE,PROFESSIONAL,Basketball,NBA,LOS ANGELES LAKERS VS. SACRAMENTO KINGS
NBC Sports App TVE,PROFESSIONAL,Basketball,NBA,CHICAGO BULLS AT GOLDEN STATE WARRIORS
Peacock,COLLEGE,Football,NCAA-BIG10,MICHIGAN VS. PENN STATE - 2024-03-17
Peacock,COLLEGE,Football,NCAA-NOTRE DAME,NOTRE DAME'S TOP-FIVE CATCHES OF THE 2023 SEASON
Peacock,PROFESSIONAL,Soccer,Premier League,MICHELLE OBAMA IS READING TO CHILDREN ON PBS
USA App,PROFESSIONAL,Soccer,Premier League,NEWCASTLE V. MAN UNITED
Peacock,COLLEGE,Football,NCAA-BIG10,JAPAN VS. BRAZIL (ESPAÑOL) - 2024-03-19
Peacock,PROFESSIONAL,Soccer,Premier League,NETBUSTERS: 9.25.23
Peacock,PROFESSIONAL,Soccer,Premier League,USMNT WATCH: ALL HIGHLIGHTS FROM MATCHWEEK 27
Peacock,PROFESSIONAL,Soccer,Premier League,WRAPPING UP THE 2022-23 PREMIER LEAGUE SEASON
Peacock,COLLEGE,Football,NCAA-BIG10,NORTHWESTERN VS. PURDUE - 2024-03-19
Peacock,COLLEGE,Football,NCAA-BIG10,WISCONSIN VS. IOWA - 2024-03-18
Peacock,COLLEGE,Football,NCAA-BIG10,MICHIGAN VS. MICHIGAN STATE - 2024-03-18
NBC Sports App TVE,PROFESSIONAL,Soccer,Premier League,CHELSEA V. NEWCASTLE
Peacock,PROFESSIONAL,Golf,PGA,WEBB SIMPSON
Peacock,PROFESSIONAL,Basketball,NBA,WILSON SHOWING WHY WNBA MVP VOTING IS A 'JOKE'
Peacock,COLLEGE,Football,NCAA-BIG10,MICHIGAN VS. NOTRE DAME - 2024-03-19
Peacock,PROFESSIONAL,Soccer,Premier League,THE MEN IN BLAZERS SHOW (TRAILER)
NBC Sports App TVE,PROFESSIONAL,Soccer,Premier League,BERRY EQUALIZES FOR LUTON TOWN V. FOREST
Peacock,COLLEGE,Football,NCAA-BIG10,IOWA VS. MINNESOTA - 2024-03-19
Peacock,PROFESSIONAL,Soccer,Premier League,EXTENDED HLS: LUTON TOWN V. FOREST MATCHWEEK 29
NBC Sports App TVE,PROFESSIONAL,Basketball,NBA,CELTICS AT WIZARDS
Peacock,COLLEGE,Football,NCAA-BIG10,MICHIGAN VS. IOWA - 2024-03-17
Peacock,PROFESSIONAL,Golf,PGA,JOHNNY MILLER'S 63 IN 1973 U.S. OPEN
Peacock,PROFESSIONAL,Soccer,Premier League,EXTENDED HLS: MAN CITY V. BURNLEY MATCHWEEK 22
Peacock,PROFESSIONAL,Basketball,NBA,HOW TO AVOID SCAMS WHEN BUYING NBA FINALS TICKETS
Peacock,COLLEGE,Football,NCAA-BIG10,INDIANA VS. PURDUE - 2024-03-19
Peacock,PROFESSIONAL,Golf,PGA,1982 U.S. OPEN FILM: TOM WATSON
NBC Sports App TVE,PROFESSIONAL,Basketball,NBA,CELTICS AT NUGGETS
Peacock,PROFESSIONAL,Soccer,Premier League,SPAIN
NBC Sports App TVE,PROFESSIONAL,Soccer,Premier League,PL UPDATE: ARSENAL STING BRENTFORD
Peacock,PROFESSIONAL,Golf,PGA,U.S. OPEN DECADES: S1 E3
Peacock,PROFESSIONAL,Soccer,Premier League,KIERAN TIERNEY
Peacock,COLLEGE,Football,NCAA-BIG10,RUTGERS VS. MARYLAND - 2024-03-18
Peacock,PROFESSIONAL,Soccer,Premier League,NOTT'M FOREST V. LIVERPOOL
NBC App,COLLEGE,Football,NCAA-NOTRE DAME,USC VS. NOTRE DAME
Peacock,PROFESSIONAL,Soccer,Premier League,EPISODE 1
Peacock,COLLEGE,Football,NCAA-BIG10,MARYLAND VS. INDIANA - 2024-03-19
Peacock,PROFESSIONAL,Golf,PGA,1984 U.S. OPEN FINAL ROUND
NBC Sports App TVE,PROFESSIONAL,Basketball,NBA,NEW YORK KNICKS AT GOLDEN STATE WARRIORS
Peacock,PROFESSIONAL,Soccer,Premier League,EVERY TOUCH: HAVERTZ CAPS ARSENAL SCORING BARRAGE
Peacock,PROFESSIONAL,Golf,PGA,TIGER WOODS' NINE USGA CHAMPIONSHIPS
nbc.com,PROFESSIONAL,Basketball,NBA,PORTLAND TRAIL BLAZERS AT CHICAGO BULLS
Peacock,PROFESSIONAL,Soccer,Premier League,EVERY TOUCH: STONES IS CITY'S ROCK V. LIVERPOOL
Peacock,PROFESSIONAL,Soccer,Premier League,PL UPDATE: ARSENAL STING BRENTFORD
Peacock,PROFESSIONAL,Soccer,Premier League,TOP 25 PREMIER LEAGUE GOALS OF JANUARY 2024
Peacock,PROFESSIONAL,Soccer,Premier League,NETBUSTERS: 2.5.24
Peacock,PROFESSIONAL,Soccer,Premier League,TOP 10 GOALS FROM THE PREMIER LEAGUE SUMMER SERIES
Peacock,PROFESSIONAL,Golf,PGA,CURTIS STRANGE
Peacock,PROFESSIONAL,Golf,PGA,JIM FURYK
USA App,PROFESSIONAL,Basketball,NBA,NEW YORK KNICKS VS. GOLDEN STATE WARRIORS
Peacock,PROFESSIONAL,Soccer,Premier League,PL UPDATE: LIVERPOOL PICK BOURNEMOUTH APART
NBC Sports App TVE,PROFESSIONAL,Basketball,NBA,CHICAGO BULLS AT INDIANA PACERS
USA App,COLLEGE,Football,NCAA-BIG10,ST. BONAVENTURE VS. LOYOLA CHICAGO - 2024-03-14
NBC Sports App TVE,PROFESSIONAL,Baseball,MLB,HOUSTON ASTROS AT PHILADELPHIA PHILLIES
Peacock,PROFESSIONAL,Soccer,Premier League,EXTENDED HLS: TOTTENHAM V. EVERTON MATCHWEEK 18
Peacock,COLLEGE,Football,NCAA-NOTRE DAME,HISTORY OF THE GREEN JERSEY IN NOTRE DAME LORE
Peacock,PROFESSIONAL,Soccer,Premier League,EXTENDED HLS: BRIGHTON V. TOTTENHAM MATCHWEEK 19
nbc.com,PROFESSIONAL,Baseball,MLB,PITTSBURGH PIRATES AT PHILADELPHIA PHILLIES
NBC Sports App TVE,PROFESSIONAL,Basketball,NBA,DETROIT PISTONS AT BOSTON CELTICS
Peacock,PROFESSIONAL,Soccer,Premier League,PL REVIEW: 10.29.23
NBC Sports App TVE,PROFESSIONAL,Basketball,NBA,HOUSE CALL TV: NEW HOPE FOR AGING JOINTS
USA App,COLLEGE,Football,NCAA-BIG10,VCU VS. UMASS - 2024-03-14
Peacock,PROFESSIONAL,Soccer,Premier League,CHELSEA HANDLER THINKS SHE SHOULD HOST THE DAILY SHOW
Peacock,PROFESSIONAL,Basketball,NBA,MIAMI PREPARES AS HEAT ADVANCES TO NBA FINALS
Peacock,COLLEGE,Football,NCAA-BIG10,ALABAMA STATE VS. IOWA - 2024-03-18
Peacock,PROFESSIONAL,Soccer,Premier League,"SPECIAL GUESTS PEP GUARDIOLA, MARCUS RASHFORD & BUKAYO SAKA"
Peacock,PROFESSIONAL,Soccer,Premier League,NETBUSTERS: 12.18.23
Peacock,PROFESSIONAL,Soccer,Premier League,PL UPDATE: TOTTENHAM STUN BRIGHTON
Peacock,PROFESSIONAL,Soccer,Premier League,ANALYZING LIVERPOOL'S AGGRESSIVE PRESS V. MAN CITY
Peacock,PROFESSIONAL,Golf,PGA,U.S. OPEN EPIC: TIGER AND ROCCO
Peacock,PROFESSIONAL,Golf,PGA,1980S
Peacock,PROFESSIONAL,Soccer,Premier League,SHEFFIELD UNITED V. ARSENAL
Peacock,PROFESSIONAL,Golf,PGA,JULI INKSTER
NBC App,PROFESSIONAL,Basketball,NBA,PORTLAND TRAILBLAZERS VS. CHICAGO BULLS
Peacock,PROFESSIONAL,Soccer,Premier League,EXTENDED HLS: BRIGHTON V. WOLVES MATCHWEEK 21
Peacock,PROFESSIONAL,Soccer,Premier League,EXTENDED HLS: ARSENAL V. WEST HAM MATCHWEEK 19
Peacock,COLLEGE,Football,NCAA-BIG10,IOWA VS. OHIO STATE - 2024-03-17
Peacock,PROFESSIONAL,Soccer,Premier League,PREMIER LEAGUE: EVERY GOAL FROM MATCHWEEK 21
Peacock,PROFESSIONAL,Soccer,Premier League,ARSENAL V. BRENTFORD
Peacock,PROFESSIONAL,Soccer,Premier League,ARSENAL V. LIVERPOOL
Peacock,PROFESSIONAL,Soccer,Premier League,PL REVIEW: 3.11.24
Peacock,PROFESSIONAL,Soccer,Premier League,BRENTFORD V. LIVERPOOL
Peacock,PROFESSIONAL,Soccer,Premier League,EVERY TOUCH: MAINOO LEADS MAN UNITED PAST HATTERS
NBC Sports App TVE,PROFESSIONAL,Basketball,NBA,PHILADELPHIA 76ERS AT MILWAUKEE BUCKS
Peacock,PROFESSIONAL,Soccer,Premier League,CONOR GALLAGHER
NBC Sports App TVE,PROFESSIONAL,Basketball,NBA,BOSTON CELTICS AT WASHINGTON WIZARDS
NBC Sports App TVE,COLLEGE,Football,NCAA-BIG10,SAINT JOSEPH'S VS. RICHMOND - 2024-03-14
NBC App,PROFESSIONAL,Basketball,NBA,MEMPHIS GRIZZLIES AT SACRAMENTO KINGS
Peacock,PROFESSIONAL,Soccer,Premier League,HAALAND WAS 'WORLD CLASS' FOR MAN CITY V. EVERTON
Peacock,COLLEGE,Football,NCAA-BIG10,BOSTON UNIVERSITY VS. NOTRE DAME - 2024-03-19
NBC Sports App TVE,PROFESSIONAL,Soccer,Premier League,PREMIER LEAGUE LIVE
Peacock,COLLEGE,Football,NCAA-BIG10,IOWA VS. PURDUE - 2024-03-18
Peacock,PROFESSIONAL,Soccer,Premier League,MAN UNITED V. FULHAM
Peacock,PROFESSIONAL,Soccer,Premier League,EVERY TOUCH: SALAH GUIDES LIVERPOOL PAST BRENTFORD
NBC App,PROFESSIONAL,Basketball,NBA,LA CLIPPERS VS. CHICAGO BULLS
USA App,PROFESSIONAL,Basketball,NBA,CELTICS VS PISTONS
NBC Sports App TVE,PROFESSIONAL,Basketball,NBA,LOS ANGELES LAKERS AT SACRAMENTO KINGS
NBC Sports App TVE,PROFESSIONAL,Golf,LPGA,"HSBC WOMEN'S WORLD CHAMPIONSHIP, FINAL ROUND"
Peacock,PROFESSIONAL,Soccer,Premier League,ASTON VILLA V. NOTTINGHAM FOREST HIGHLIGHTS
Peacock,PROFESSIONAL,Soccer,Premier League,MEN IN BLAZERS LIVE IN DC WITH EVERTON FOOTBALL CLUB
Peacock,PROFESSIONAL,Soccer,Premier League,PLEASE DON'T DESTROY - CHELSEA
Peacock,PROFESSIONAL,Soccer,Premier League,BRENTFORD'S WISSA TAPS IN EQUALIZER AGAINST FULHAM
Peacock,PROFESSIONAL,Soccer,Premier League,MISSION TO BURNLEY
Bravo App,PROFESSIONAL,Baseball,MLB,PITTSBURGH PIRATES AT PHILADELPHIA PHILLIES
usanetwork.com,PROFESSIONAL,Soccer,Premier League,EXTENDED HLS: WEST HAM V. ASTON VILLA MATCHWEEK 29
Peacock,PROFESSIONAL,Golf,LPGA,"HIGHLIGHTS: BLUE BAY LPGA, ROUND 2"
Peacock,COLLEGE,Football,NCAA-BIG10,NEBRASKA VS. OHIO STATE - 2024-03-19
Peacock,COLLEGE,Football,NCAA-BIG10,RUTGERS VS. MARYLAND - 2024-03-19
Peacock,PROFESSIONAL,Basketball,NBA,GRADING WNBA SCHEDULE RELEASES; COMMISSIONER'S CUP
Peacock,PROFESSIONAL,Soccer,Premier League,LUTON TOWN V. ASTON VILLA
Peacock,PROFESSIONAL,Soccer,Premier League,JOHN OLIVER SPECIAL
USA App,COLLEGE,Football,NCAA-BIG10,DUQUESNE VS. DAYTON - 2024-03-15
Peacock,PROFESSIONAL,Soccer,Premier League,EXTENDED HLS: CRYSTAL PALACE V. BRENTFORD MWK 20
NBC Sports App TVE,PROFESSIONAL,Basketball,NBA,WARRIORS PREGAME
Peacock,PROFESSIONAL,Baseball,MLB,SHOHEI OHTANI SIGNS $700M DEAL WITH THE LOS ANGELES DODGERS
Peacock,PROFESSIONAL,Soccer,Premier League,EVERY TOUCH: WHITE DELIVERS VITAL WIN V. BRENTFORD
Peacock,PROFESSIONAL,Soccer,Premier League,EXTENDED HLS: BOURNEMOUTH V. LUTON TOWN MWK 28
Peacock,PROFESSIONAL,Soccer,Premier League,LIVERPOOL V. ARSENAL
Peacock,PROFESSIONAL,Golf,PGA,2016 U.S. OPEN FILM: DJ'S MAJOR REDEMPTION
Peacock,PROFESSIONAL,Soccer,Premier League,EXTENDED HLS: BRIGHTON V. NOTTINGHAM FOREST MWK 28
Peacock,PROFESSIONAL,Soccer,Premier League,WE ARE UNITED: AN UNAUTHORIZED STORY OF MANCHESTER UNITED
Peacock,PROFESSIONAL,Soccer,Premier League,EXTENDED HLS: LIVERPOOL V. ARSENAL MATCHWEEK 18
Peacock,PROFESSIONAL,Soccer,Premier League,BRIGHTON V. NEWCASTLE UNITED HIGHLIGHTS
Peacock,PROFESSIONAL,Soccer,Premier League,USMNT WATCH: ALL HIGHLIGHTS FROM MATCHWEEK 28
Peacock,PROFESSIONAL,Soccer,Premier League,"PL UPDATE: LIVERPOOL, ARSENAL TUSSLE AT ANFIELD"
Peacock,PROFESSIONAL,Soccer,Premier League,PL UPDATE: WEST HAM HAMMER ARSENAL
NBC App,PROFESSIONAL,Golf,PGA,THE PLAYERS CHAMPIONSHIP
Peacock,PROFESSIONAL,Baseball,MLB,WHAT OHTANI'S CONTRACT DEFERRALS MEAN FOR MLB
NBC App,PROFESSIONAL,Ice Hockey,NHL,SAN JOSE SHARKS AT CHICAGO BLACKHAWKS
NBC App,PROFESSIONAL,Basketball,NBA,TINY WEENIE MANKINI
Peacock,COLLEGE,Football,NCAA-BIG10,NORTHWESTERN VS. PURDUE - 2024-03-18
NBC Sports App TVE,PROFESSIONAL,Basketball,NBA,SAN ANTONIO SPURS VS. SACRAMENTO KINGS
Peacock,PROFESSIONAL,Soccer,Premier League,EVERY TOUCH: SUPER-SUB SON RESCUES SPURS V. BHA
Peacock,PROFESSIONAL,Golf,PGA,CAM MCCORMICK PART 2
Peacock,PROFESSIONAL,Soccer,Premier League,EXTENDED HLS: MAN CITY V. CRYSTAL PALACE MWK 17
Peacock,PROFESSIONAL,Soccer,Premier League,ASTON VILLA V. BRIGHTON HIGHLIGHTS
Peacock,PROFESSIONAL,Soccer,Premier League,PABLO ZABALETA
NBC App,PROFESSIONAL,Basketball,NBA,DARE TO CANNONBALL
NBC Sports App TVE,PROFESSIONAL,Soccer,Premier League,LUTON TOWN V. NOTTINGHAM FOREST
Peacock,PROFESSIONAL,Soccer,Premier League,SALAH'S PENALTY PUST LIVERPOOL UP 1-0 OVER FULHAM
Peacock,PROFESSIONAL,Soccer,Premier League,PL UPDATE: NEWCASTLE CONTROL SUBPAR MAN UNITED
Peacock,PROFESSIONAL,Soccer,Premier League,WALES V. FRANCE
Peacock,PROFESSIONAL,Golf,PGA,"HIGHLIGHTS: THE PLAYERS CHAMPIONSHIP, ROUND 3"
Peacock,PROFESSIONAL,Soccer,Premier League,LOWE: PL MIGHT BE 'A WALK IN THE PARK' FOR CITY
Peacock,PROFESSIONAL,Golf,PGA,MY U.S. OPEN
Bravo App,PROFESSIONAL,Ice Hockey,NHL,NBC NEWS DAILY WITH KATE SNOW AND ZINHLE ESSAMUAH
Peacock,PROFESSIONAL,Golf,PGA,2000 U.S. OPEN FILM: TIGER WOODS
Peacock,PROFESSIONAL,Soccer,Premier League,CHELSEA V. NOTTINGHAM FOREST HIGHLIGHTS
Peacock,PROFESSIONAL,Soccer,Premier League,PLAYERS THAT BRING US JOY AND GLASS ANIMALS
Peacock,COLLEGE,Football,NCAA-BIG10,MICHIGAN STATE VS. INDIANA - 2024-03-19
Peacock,PROFESSIONAL,Golf,PGA,A U.S. OPEN DECADE: 2010S
Peacock,PROFESSIONAL,Soccer,Premier League,EVERY PREMIER LEAGUE GOAL FROM MATCHWEEK 32
Peacock,PROFESSIONAL,Soccer,Premier League,PL UPDATE: FULHAM SHOCK TOTTENHAM
Peacock,PROFESSIONAL,Soccer,Premier League,BRIGHTON V. EVERTON
Peacock,PROFESSIONAL,Soccer,Premier League,EXTENDED HLS: LUTON TOWN V. BRIGHTON MATCHWEEK 22
Peacock,PROFESSIONAL,Soccer,Premier League,GOAL RUSH: MATCHWEEK 27
Peacock,PROFESSIONAL,Soccer,Premier League,EXTENDED HLS: WEST HAM V. BRENTFORD MATCHWEEK 26
Peacock,PROFESSIONAL,Soccer,Premier League,CHELSEA V. MAN CITY
Peacock,COLLEGE,Football,NCAA-BIG10,WISCONSIN VS. MICHIGAN STATE - 2024-03-19
Peacock,PROFESSIONAL,Soccer,Premier League,MEN IN BLAZERS FIRST ANNUAL AMERICAN FOOTBALL AWARDS
Peacock,PROFESSIONAL,Soccer,Premier League,NETBUSTERS: 11.13.23
Peacock,PROFESSIONAL,Soccer,Premier League,CHELSEA GREEN IS ALL ABOUT LUXURY
Peacock,PROFESSIONAL,Golf,PGA,TOM KITE
Peacock,PROFESSIONAL,Soccer,Premier League,TOTTENHAM V. WOLVES
nbc.com,PROFESSIONAL,Basketball,NBA,SIXERS POSTGAME LIVE
Peacock,COLLEGE,Football,NCAA-BIG10,INDIANA VS. OHIO STATE - 2024-03-19
NBC Sports App TVE,PROFESSIONAL,Basketball,NBA,MEMPHIS GRIZZLIES AT SACRAMENTO KINGS
NBC App,PROFESSIONAL,Soccer,Premier League,EXTENDED HLS: WEST HAM V. ASTON VILLA MATCHWEEK 29
NBC Sports App TVE,PROFESSIONAL,Basketball,NBA,CELTICS VS LA CLIPPERS
NBC Sports App TVE,PROFESSIONAL,Basketball,NBA,CHARLOTTE HORNETS VS. CHICAGO BULLS
Peacock,PROFESSIONAL,Soccer,Premier League,EXTENDED HLS: BOURNEMOUTH V. LIVERPOOL MWK 21
Peacock,PROFESSIONAL,Soccer,Premier League,LOWE DOWN: ASTON VILLA'S CEILING 'IS VERY HIGH'
USA App,PROFESSIONAL,Soccer,Premier League,LUTON TOWN V. NOTTINGHAM FOREST
NBC Sports App TVE,PROFESSIONAL,Baseball,MLB,SAN DIEGO PADRES VS. SAN FRANCISCO GIANTS
Peacock,PROFESSIONAL,Soccer,Premier League,PREMIER LEAGUE: EVERY GOAL FROM MATCHWEEK 6
NBC Sports App TVE,PROFESSIONAL,Basketball,NBA,GOLDEN STATE WARRIORS AT BROOKLYN NETS
Peacock,PROFESSIONAL,Soccer,Premier League,CHELSEA V. NEWCASTLE
Peacock,PROFESSIONAL,Golf,PGA,U.S. OPEN 2020: WINGED FOOT GOLF CLUB
Peacock,PROFESSIONAL,Soccer,Premier League,BOURNEMOUTH V. MAN CITY
Peacock,PROFESSIONAL,Soccer,Premier League,TOTTENHAM V. BRIGHTON HIGHLIGHTS
Peacock,COLLEGE,Football,NCAA-BIG10,PURDUE VS. INDIANA - 2024-03-19
Peacock,PROFESSIONAL,Soccer,Premier League,LOWE DOWN: ASTON VILLA FIRMLY IN THE PL TITLE RACE
Peacock,PROFESSIONAL,Soccer,Premier League,PL REVIEW: 3.4.24
NBC Sports App TVE,PROFESSIONAL,Basketball,NBA,CELTICS PREGAME LIVE
Peacock,PROFESSIONAL,Soccer,Premier League,EPISODE 2
NBC App,PROFESSIONAL,Basketball,NBA,NEW YORK KNICKS VS. SACRAMENTO KINGS
Peacock,PROFESSIONAL,Basketball,NBA,A'JA WILSON BECOMING FACE OF THE WNBA
